--
-- PostgreSQL database dump
--

-- Dumped from database version 16.0
-- Dumped by pg_dump version 16.0

SET statement_timeout = 0;
SET lock_timeout = 0;
SET idle_in_transaction_session_timeout = 0;
SET client_encoding = 'UTF8';
SET standard_conforming_strings = on;
SELECT pg_catalog.set_config('search_path', '', false);
SET check_function_bodies = false;
SET xmloption = content;
SET client_min_messages = warning;
SET row_security = off;

--
-- Name: string_agg(text[], text); Type: FUNCTION; Schema: public; Owner: postgres
--

CREATE FUNCTION public.string_agg(arr text[], separator text) RETURNS text
    LANGUAGE plpgsql
    AS $$
DECLARE
    result text;
BEGIN
    result := array_to_string(arr, separator);
    RETURN result;
END;
$$;


ALTER FUNCTION public.string_agg(arr text[], separator text) OWNER TO postgres;

SET default_tablespace = '';

SET default_table_access_method = heap;

--
-- Name: account; Type: TABLE; Schema: public; Owner: postgres
--

CREATE TABLE public.account (
    gmail character varying(100) NOT NULL,
    password_hash character varying(64),
    role smallint,
    config_account_id bigint,
    publisher_id bigint,
    users_id bigint,
    CONSTRAINT account_role_check CHECK (((role >= 0) AND (role <= 2)))
);


ALTER TABLE public.account OWNER TO postgres;

--
-- Name: article; Type: TABLE; Schema: public; Owner: postgres
--

CREATE TABLE public.article (
    id uuid NOT NULL,
    category smallint NOT NULL,
    content character varying(10000) NOT NULL,
    post_time timestamp(6) without time zone NOT NULL,
    summary character varying(500) NOT NULL,
    title character varying(200) NOT NULL,
    publisher_id bigint NOT NULL,
    CONSTRAINT article_category_check CHECK (((category >= 0) AND (category <= 12)))
);


ALTER TABLE public.article OWNER TO postgres;

--
-- Name: config_account; Type: TABLE; Schema: public; Owner: postgres
--

CREATE TABLE public.config_account (
    id bigint NOT NULL,
    font_size integer
);


ALTER TABLE public.config_account OWNER TO postgres;

--
-- Name: config_account_id_seq; Type: SEQUENCE; Schema: public; Owner: postgres
--

CREATE SEQUENCE public.config_account_id_seq
    START WITH 1
    INCREMENT BY 1
    NO MINVALUE
    NO MAXVALUE
    CACHE 1;


ALTER SEQUENCE public.config_account_id_seq OWNER TO postgres;

--
-- Name: config_account_id_seq; Type: SEQUENCE OWNED BY; Schema: public; Owner: postgres
--

ALTER SEQUENCE public.config_account_id_seq OWNED BY public.config_account.id;


--
-- Name: image_article; Type: TABLE; Schema: public; Owner: postgres
--

CREATE TABLE public.image_article (
    id uuid NOT NULL,
    imageurl character varying(255) NOT NULL,
    title character varying(255) NOT NULL,
    article_id uuid
);


ALTER TABLE public.image_article OWNER TO postgres;

--
-- Name: publisher; Type: TABLE; Schema: public; Owner: postgres
--

CREATE TABLE public.publisher (
    id bigint NOT NULL,
    imageurlbrand character varying(255) NOT NULL,
    name character varying(100) NOT NULL
);


ALTER TABLE public.publisher OWNER TO postgres;

--
-- Name: publisher_id_seq; Type: SEQUENCE; Schema: public; Owner: postgres
--

CREATE SEQUENCE public.publisher_id_seq
    START WITH 1
    INCREMENT BY 1
    NO MINVALUE
    NO MAXVALUE
    CACHE 1;


ALTER SEQUENCE public.publisher_id_seq OWNER TO postgres;

--
-- Name: publisher_id_seq; Type: SEQUENCE OWNED BY; Schema: public; Owner: postgres
--

ALTER SEQUENCE public.publisher_id_seq OWNED BY public.publisher.id;


--
-- Name: users; Type: TABLE; Schema: public; Owner: postgres
--

CREATE TABLE public.users (
    id bigint NOT NULL,
    full_name character varying(100),
    sex smallint,
    CONSTRAINT users_sex_check CHECK (((sex >= 0) AND (sex <= 2)))
);


ALTER TABLE public.users OWNER TO postgres;

--
-- Name: users_id_seq; Type: SEQUENCE; Schema: public; Owner: postgres
--

CREATE SEQUENCE public.users_id_seq
    START WITH 1
    INCREMENT BY 1
    NO MINVALUE
    NO MAXVALUE
    CACHE 1;


ALTER SEQUENCE public.users_id_seq OWNER TO postgres;

--
-- Name: users_id_seq; Type: SEQUENCE OWNED BY; Schema: public; Owner: postgres
--

ALTER SEQUENCE public.users_id_seq OWNED BY public.users.id;


--
-- Name: config_account id; Type: DEFAULT; Schema: public; Owner: postgres
--

ALTER TABLE ONLY public.config_account ALTER COLUMN id SET DEFAULT nextval('public.config_account_id_seq'::regclass);


--
-- Name: publisher id; Type: DEFAULT; Schema: public; Owner: postgres
--

ALTER TABLE ONLY public.publisher ALTER COLUMN id SET DEFAULT nextval('public.publisher_id_seq'::regclass);


--
-- Name: users id; Type: DEFAULT; Schema: public; Owner: postgres
--

ALTER TABLE ONLY public.users ALTER COLUMN id SET DEFAULT nextval('public.users_id_seq'::regclass);


--
-- Data for Name: account; Type: TABLE DATA; Schema: public; Owner: postgres
--

COPY public.account (gmail, password_hash, role, config_account_id, publisher_id, users_id) FROM stdin;
sson12131415@gmail.com	$2a$10$4D..GeCmBXFwa2XEn3uG0.ThTIIcHRioTh8siPqrXlm26zLJGYycu	2	1	\N	1
hieudong@gmail.com	$2a$10$3blsjOS/YOoLgq/V4h1cS..QyVGJfb4XIleYA1I66HB678I33YG1y	0	2	\N	2
dantri@gmail.com	$2a$10$dfwLPRACJQsuzfvqa8wUa.WIKyVNVXkl3EHkd1aeq8ci0e.jJA/U2	1	3	1	\N
nguoilaodong@gmail.com	$2a$10$CFp8qRcm6FAektuaY/KZQ..R2tNEfZ3Y90hMtx1u1LrkpHAc5DLwi	1	4	2	\N
nhandan@gmail.com	$2a$10$ZCWupxTqcBiRqvTOsrXbhuYX1fh2/G8r2f1dUXELnNyGORbFshIV2	1	5	3	\N
thanhnien@gmail.com	$2a$10$dq5AfQfsWsEq6XoZx1QjW.K4OqNZS0jWICJERjGKvYZubVpEqeWTu	1	6	4	\N
vnexpress@gmail.com	$2a$10$K1OIkv3xw7Szs/BMkO4W..XplbVNO4atAv7QuVIIxKRGGcy6d8pLm	1	7	5	\N
\.


--
-- Data for Name: article; Type: TABLE DATA; Schema: public; Owner: postgres
--

COPY public.article (id, category, content, post_time, summary, title, publisher_id) FROM stdin;
5cf79fce-96e7-498a-a7c8-9074856eeb2b	5	Ngày 14-11, một nguồn tin cho biết VKSND TP HCM đã trả hồ sơ, yêu cầu công an cùng cấp điều tra bổ sung lần 2 liên quan đến vụ án bị can Đặng Thị Hàn Ni (SN 1977) và ông Trần Văn Sỹ (cựu Chủ nhiệm Đoàn Luật sư tỉnh Vĩnh Long) về tội "Lợi dụng các quyền tự do dân chủ xâm phạm lợi ích của nhà nước, quyền, lợi ích hợp pháp của tổ chức, cá nhân".\r\nVKSND TP HCM đã trả hồ sơ cách đây 2 tuần và yêu cầu làm rõ một số vấn đề về lời khai của các bị can cũng như hành vi của một số người liên quan.\r\nQuá trình điều tra, Công an TP HCM xác định bà Đặng Thị Hàn Ni đã sử dụng tài khoản Facebook và Youtube mang tên "Nhà báo Hàn Ni" đăng tải lên mạng xã hội liên quan đến bà Nguyễn Phương Hằng.{img}Bà Hàn Ni đã có 4 phát ngôn đưa lên mạng xã hội các thông tin thuộc bí mật cá nhân, bí mật gia đình và đời sống riêng tư của cá nhân, tổ chức trái quy định pháp luật, vi phạm luật An ninh mạng.\r\nTrong buổi ghi hình vào ngày 3-9-2021, bà Hàn Ni đã có những phát ngôn đề cập đến thông tin cá nhân liên quan đời tư của bà Nguyễn Phương Hằng là căn cứ vào một phần thông tin và nội dung chính trong các bài báo chính thống đã được đăng về bà Nguyễn Phương Hằng.\r\nTuy nhiên, bà Hàn Ni không tự kiểm chứng lại để xác định đúng hay sai, không hỏi ý kiến và không cần sự đồng ý của bà Hằng, không cần thiết kiểm tra, không cần sự chấp thuận của cơ quan báo chí cho phép.\r\nBà Hàn Ni xác định những phát ngôn trong đoạn ghi hình có nội dung liên quan đến bà Nguyễn Phương Hằng vì biết bà Hằng còn có tên gọi khác là Nguyễn Thị Thanh Tuyền, là "CEO" của Công ty CP Đại Nam và là người có liên quan đến vụ án Năm Cam.\r\nĐối với ông Huỳnh Uy Dũng, bà Hàn Ni có tìm hiểu thông qua báo chí được biết ông Dũng là chồng của bà Nguyễn Phương Hằng, là Chủ tịch HĐQT Công ty CP Đại Nam và là một trong ba người sáng lập ra quỹ từ thiện Hằng Hữu.	2023-11-15 07:22:05	(NLĐO) - VKSND TP HCM đã trả hồ sơ, yêu cầu điều tra bổ sung lần 2 liên quan đến vụ án bà Đặng Thị Hàn Ni và ông Trần Văn Sỹ xúc phạm vợ chồng bà Nguyễn Phương Hằng.	Trả hồ sơ, điều tra bổ sung vụ án Đặng Thị Hàn Ni	1
1230d5d1-da13-43f9-84a2-fc157f2d75b3	11	Ngày 14-11, HAGL cho biết doanh thu thuần trong tháng 10 của công ty đạt 711 tỉ đồng. Trong đó, ngành cây ăn trái mang về 410 tỉ đồng, ngành chăn nuôi 198 tỉ đồng, ngành phụ trợ 103 tỉ đồng.\r\nVề sản lượng tiêu thụ từng ngành, trong tháng 10 HAGL đã xuất bán 35.300 con heo thịt và 39.542 tấn trái cây. Trong đó, có 39.100 tấn chuối và 442 tấn sầu riêng.\r\nTrước đó, vào tháng 8, ông Đoàn Nguyên Đức (bầu Đức) – Chủ tịch HĐQT HAGL đã chia sẻ về lần đầu thu hoạch sầu riêng bán thu tiền với kết quả "1 vốn 5 lời" khi doanh thu 18 tỉ đồng trong khi chi phí đầu tư chỉ 3,6 tỉ đồng.{img}HAGL không công bố doanh thu sầu riêng trong đợt thu hoạch vào tháng 10 nhưng với giá thị trường giá sầu riêng Tây Nguyên giai đoạn trên khoảng 80.000 đồng/kg, ước tính doanh số khoảng hơn 35 tỉ đồng.\r\nHAGL hiện có 1.200 ha sầu riêng, trong đó có 700 ha sầu riêng thu hoạch tháng 10-11 năm 2024, kỳ vọng đóng góp chính vào lợi nhuận cho tập đoàn nông nghiệp này. HAGL cũng đang trồng thêm sầu riêng, tiến tới tổng diện tích 2.000 ha vào năm 2026.\r\nTrước đó, HAGL công bố báo cáo tài chính hợp nhất 9 tháng năm 2023 lãi ròng 710 tỉ đồng. Công ty đang tập trung phát triển các sản phẩm chính là heo, chuối và sầu riêng. Trong đó, sản lượng và doanh thu từ chuối sẽ tăng mạnh vào quý IV theo quy luật hằng năm.\r\nHAGL đang trong quá trình thanh lý các khoản đầu tư tài chính, thu hồi nợ từ đối tác, thanh lý tài sản không sinh lời phần nào mang lại dòng tiền, duy trì ổn định hoạt động cho công ty. Vừa qua, HAGL đã bán khách sạn 4 sao HAGL tại TP Pleiku thu về 140 tỉ đồng.	2023-11-15 07:23:44	Công ty CP Hoàng Anh Gia Lai (HAGL, mã chứng khoán HAG) vừa cập nhật tình hình hoạt động kinh doanh tháng 10-2023, trong đó có đề cập đến việc tiêu thụ 442 tấn sầu riêng	Bầu Đức khoe vừa bán hơn 440 tấn sầu riêng	1
a98c2548-65bf-4423-bcc7-f12e08f505d5	7	Ngày 14-11-2023, tại Hội nghị ASOCIO Digital Summit tại Seoul, Hàn Quốc, TP HCM  đã được Tổ chức Công nghiệp Điện toán châu Á - châu Đại Dương (ASOCIO) trao giải thưởng ASO CIO 2023 cho hạng mục Chính quyền số xuất sắc.{img}TP HCM được trao giải thưởng này nhờ những kết quả nổi bật trong việc triển khai các chiến lược và giải pháp kỹ thuật số nhằm cải thiện đáng kể chất lượng dịch vụ cho người dân, công khai minh bạch hoạt động của chính quyền thành phố. \r\nĐồng thời, TP HCM được công nhận là một trong những thành phố tiêu biểu ứng dụng công nghệ thông minh phục vụ hiệu quả các lĩnh vực trọng điểm như giao thông, y tế, giáo dục và cung cấp dịch vụ công cho người dân. Những nỗ lực của chính quyền thành phố trong việc đổi mới phương thức cung cấp dịch vụ công và các tiện ích cho người dân, doanh nghiệp đóng góp vào hoạt động của chính quyền. \r\nThành phố đã đổi mới phương thức phục vụ, lắng nghe, ghi nhận ý kiến và xử lý kiến nghị người dân thông qua Cổng thông tin, App và tổng đài 1022 của thành phố ngày càng hiệu quả.{img}Giải thưởng ASO CIO 2023 là sự ghi nhận những nỗ lực không ngừng của chính quyền TP HCM trong việc triển khai chuyển đổi số, xây dựng chính quyền số. Thành phố sẽ tiếp tục đẩy mạnh chính quyền số nhằm thúc đẩy kinh tế số, xã hội số với mục tiêu xây dựng TP HCM trở thành đô thị thông minh.\r\nVới những thành tựu nổi bật trong xây dựng chính quyền số, TP HCM đã góp phần nâng cao chất lượng cuộc sống của người dân, thúc đẩy phát triển kinh tế - xã hội và khẳng định vị thế của Việt Nam trong lĩnh vực chuyển đổi số.\r\nTổ chức Công nghiệp Điện toán châu Á - châu Đại Dương (ASOCIO) đã trao giải thưởng ASO CIO 2023 cho 52 đơn vị từ 9 quốc gia và vùng lãnh thổ tại Hội nghị thượng đỉnh Thế giới về Chính quyền số ASOCIO 2023. Giải thưởng năm 2023 bao gồm 8 nhóm:\r\nGiải thưởng Công ty Công nghệ xuất sắc; Giải thưởng Chuyển đổi số; Giải thưởng Chính phủ (chính quyền) số; Giải thưởng Công nghệ Giáo dục; Giải thưởng Công nghệ Y tế; Giải thưởng An ninh mạng; Giải thưởng Quản trị môi trường, xã hội và doanh nghiệp (ESG - Environmental, social, and corporate governance) và Giải thưởng Khởi nghiệp.	2023-11-15 07:25:50	TP HCM vừa được Tổ chức Công nghiệp Điện toán châu Á - châu Đại Dương (ASOCIO) trao giải thưởng ASO CIO 2023 cho hạng mục Chính quyền số xuất sắc.	TP HCM đạt giải Chính quyền số xuất sắc ASOCIO 2023	1
f42a2b64-3d53-4d19-8cea-a2fa1f84bf08	12	HLV Troussier sẽ bước vào một giải đấu chính thức đầu tiên kể từ khi ông nắm cương vị dẫn dắt đội tuyển Việt Nam. Trận ra quân vòng loại World Cup 2026 khu vực châu Á mang ý nghĩa quan trọng đối với chiến lược gia người Pháp vì kết quả sẽ thể hiện được thực lực của tuyển Việt Nam sau thời gian áp dụng triết lý bóng đá mới.{img}Vì vậy, giới chuyên gia cho rằng HLV Troussier sẽ không mạo hiểm sử dụng các tài năng trẻ mà tận dụng kinh nghiệm, bản lĩnh của các cựu binh để xây dựng đội hình chạm trán tuyển Philippines. Trong đó, Vũ Văn Thanh là một trong những hậu vệ kỳ cựu được triệu tập trở lại đội tuyển quốc gia kỳ này.{img}Phát biểu trước trận ra quân vòng loại World Cup 2026, tuyển thủ Vũ Văn Thanh cho biết: "Bước vào giải đấu lớn, toàn đội phải có ý chí quyết tâm cao và tràn đầy khát khao chinh phục những thử thách đang đón chờ phía trước".\r\nNhận xét về đội tuyển quốc gia hiện tại, cầu thủ thuộc biên chế CLB Công an Hà Nội chia sẻ: "Sau 5 đợt tập trung, tôi lên hội quân lần này là lần thứ ba. Tôi thấy mỗi cầu thủ đều có khát khao rất lớn trong mỗi đợt tập trung khác nhau. Đấy là điểm sáng trong những năm gần đây, với những khát khao nỗ lực như thế, đội tuyển có thể tiến xa hơn. Thời gian đầu đội có gặp khó khăn khi tiếp cận triết lý mới, nhưng đến nay đội đã nhuần nhuyễn hơn, gắn kết với nhau hơn".{img}Cầu thủ xuất thân từ "lò" Hoàng Anh Gia Lai nói thêm: "Thời gian vừa qua cả đội đã tập luyện rất chăm chỉ. Ban huấn luyện cũng chuẩn bị kỹ lưỡng cho từng buổi tập với mọi phương án tấn công và phòng ngự, cũng như giao nhiệm vụ cho từng vị trí trên sân. Triết lý của thầy Philippe Troussier là ghi bàn hay phòng ngự thì cũng đều phải kiểm soát bóng, không được để mất bóng bởi mất bóng thì phải đuổi theo xử lý rất mệt. Tôi nghĩ rằng, toàn đội đang có sự chuẩn bị rất tốt cho trận ra quân sắp tới".\r\nVăn Thanh cũng thể hiện sự tự tin khi phải thi đấu trên mặt sân cỏ nhân tạo vốn không phải sở trường. Anh nói: "Nếu mặt sân không được tốt thì là khó khăn chung của hai đội. Đội nào tập trung, phối hợp tốt với nhau thì sẽ có lợi thế. Toàn đội sẽ chủ động nhắc nhở nhau khi vào sân thi đấu và với ý chí, sự nỗ lực vốn có của người Việt Nam, chúng tôi sẽ vượt qua khó khăn. Một chiến thắng sẽ giúp đội tuyển cởi bỏ được áp lực".\r\nHậu vệ cánh này cũng tiết lộ cách HLV Troussier "truyền lửa" tới toàn đội khi ông yêu cầu mỗi thành viên phải có ước mơ vươn xa hơn. Văn Thanh bày tỏ nguyện vọng đội tuyển Việt Nam sẽ nhận được sự cổ vũ đồng hành của người hâm mộ để có kết quả tốt nhất trước Philippines và sau đó là trận đấu gặp Iraq tại sân nhà.	2023-11-15 08:16:30	Đội tuyển Việt Nam đã bước vào buổi tập thứ 2 trên sân Rizal Memorial hôm 14-11. Dự kiến, HLV Philippe Troussier sẽ rút gọn danh sách 23 tuyển thủ trước trận so tài chủ nhà Philippines	Cựu ngôi sao HAGL nói gì trong lần trở lại khoác áo tuyển Việt Nam?	2
1a621d7b-123e-4979-baba-e62f26d01e6d	9	Chiều 14-11, Bộ trưởng Bộ Y tế Đào Hồng Lan đã trao quyết định điều động, bổ nhiệm lãnh đạo nhiều đơn vị chức năng thuộc bộ này.\r\nTheo đó, Bộ trưởng Bộ Y tế bổ nhiệm bà Trần Thị Trang, quyền Vụ trưởng Vụ BHYT (Bộ Y tế) giữ chức vụ Vụ trưởng Vụ BHYT. Thời gian giữ chức vụ của bà Trang là 5 năm.{img}Cùng đó, Bộ trưởng Bộ Y tế bổ nhiệm ông Đỗ Trung Hưng, Phó Vụ trưởng phụ trách điều hành Vụ Pháp chế giữ chức vụ Vụ trưởng Vụ Pháp chế. Thời gian giữ chức vụ của ông Hưng là 5 năm.\r\nÔng Phạm Vũ Hoàng, Phó Tổng Cục trưởng phụ trách quản lý, điều hành Tổng cục Dân số - Kế hoạch hóa gia đình, giữ chức vụ Phó Cục trưởng Cục Dân số và giao ông Hoàng phụ trách quản lý, điều hành cho đến khi kiện toàn được chức vụ Cục trưởng Cục Dân số.\r\nBà Hoàng Thị Thơm, Phó Chánh Văn phòng Bộ Y tế, được bổ nhiệm chức vụ Phó Cục trưởng Cục Dân số. Bổ nhiệm ông Dương Huy Lương, giữ chức vụ Phó Cục trưởng Cục Quản lý Khám chữa bệnh.\r\nBộ trưởng Bộ Y tế cũng bổ nhiệm lại 2 phó vụ trưởng Vụ Kế hoạch - Tài chính và Vụ Sức khỏe Bà mẹ - Trẻ em.\r\nBộ trưởng Đào Hồng Lan đề nghị ở cương vị công tác vừa được bổ nhiệm, bổ nhiệm lại, lãnh đạo các vụ/cục sẽ phát huy hết khả năng công tác, tinh thần đoàn kết để cùng đơn vị hoàn thành xuất sắc nhiệm vụ được giao, vì sự nghiệp phát triển chung của ngành y tế.	2023-11-15 08:20:02	Bộ trưởng Bộ Y tế Đào Hồng Lan đã trao quyết định điều động, bổ nhiệm lãnh đạo nhiều đơn vị chức năng thuộc bộ này giữ các chức vụ: Vụ trưởng, vụ phó, phó cục trưởng	Bộ trưởng Y tế Đào Hồng Lan bổ nhiệm nhiều lãnh đạo vụ, cục	2
6778994b-9115-4c94-912d-2c4f892b3345	6	Bộ GD-ĐT vừa có báo cáo dự thảo phương án tổ chức thi, xét công nhận tốt nghiệp THPT từ năm 2025 gửi Phó Thủ tướng Trần Hồng Hà.\r\nTrong 3 phương án, phương án thi tốt nghiệp THPT bắt buộc 2 môn toán, ngữ văn kết hợp 2 môn tự chọn (2+2) trong số các môn học được phần lớn các chuyên gia lựa chọn.{img}Theo Bộ GD-ĐT, phương án thi 2+2 có ưu điểm giảm áp lực thi cử cho học sinh và giảm thực sự chi phí cho gia đình học sinh và cả xã hội (thí sinh chỉ thi 4 môn, hiện nay 6 môn). Số buổi thi 3 buổi, giảm số buổi thi so với hiện nay.\r\nPhương án này cũng không gây nên sự mất cân bằng giữa các tổ hợp tuyển sinh, phù hợp với định hướng nghề nghiệp của các em. Tạo điều kiện cho các học sinh dành thời gian học các môn lựa chọn phù hợp với định hướng nghề nghiệp của các em.\r\nTuy nhiên phương án này, nhược điểm làm ảnh hưởng đến việc dạy và học môn Lịch sử và ngoại ngữ, 2 môn này hiện nay đang là môn bắt buộc học.\r\nNgoài phương án 2+2, có 2 phương án khác được Bộ GD-ĐT trình Chính phủ. Đó là phương án thi 3 môn bắt buộc (ngữ văn, toán, ngoại ngữ) và 2 môn tự chọn (phương án 3+2). Phương án thi 4 môn bắt buộc (ngữ văn, toán, ngoại ngữ, lịch sử) và 2 môn tự chọn.	2023-11-15 08:21:29	 Bộ GD-ĐT trình Chính phủ 3 phương án thi tốt nghiệp THPT 2025. Trong đó, phương án thi bắt buộc 2 môn toán, văn kết hợp 2 môn tự chọn được nhiều chuyên gia lựa chọn	Thi tốt nghiệp THPT 2025: Bộ GD-ĐT đề xuất phương án 2 môn bắt buộc	2
5dfa1f06-5fff-4a92-84b4-19d68003340a	2	4 "vùng cấm" của đàn ông chị em đụng vào nguy cơ tan vỡ.\r\n\r\nĐàn ông dù mạnh mẽ đến đâu vẫn có những mỏng manh mà bất cứ ai cũng không thể chạm tới, kể cả người bạn đời. Chỉ cần tránh xa những "vùng cấm" này của đàn ông, phụ nữ sẽ có cuộc sống hôn nhân hạnh phúc.\r\n\r\nGhen tuông quá mức.\r\n\r\nDù là gia vị không thể thiếu trong tình cảm, nếu bạn ghen tuông quá đà, chẳng chàng trai nào có thể chịu được. Thêm vào đó, luôn ghen tuông và nghi ngờ chàng cũng khiến người ấy chẳng thể thoải mái bởi cảm giác không được tin tưởng. Vì vậy, đừng để những suy nghĩ mơ hồ hù dọa và gây bất an. Bạn cần nhớ rằng chất kết dính quan trọng nhất trong một mối quan hệ là sự tin tưởng.{img}Chê đàn ông vô dụng.\r\n\r\nBạn có thể nói rằng đàn ông không hiểu hoặc chưa hiểu, nhưng bạn không thể nói rằng đàn ông không thể.\r\n\r\nTrong thế giới tình cảm, đa số đàn ông cần phải cố gắng nhiều hơn vì tình yêu và gia đình. Nhưng mọi thứ trên đời không nhất thiết sẽ dẫn đến kết quả tốt nếu bạn làm việc chăm chỉ. Cuộc sống của mọi người đều có yếu tố may mắn mạnh mẽ, cho dù đó là sự nghiệp hay sự giàu có.\r\n\r\nLà người phụ nữ phía sau anh ấy, bạn nên tích cực hỗ trợ, động viên chứ không nên dội gáo nước lạnh để làm chồng mất tự tin. Khi bạn suốt ngày nói anh ta vô dụng, lâu dần, anh ta sẽ thực sự cho rằng mình vô dụng, từ bỏ thái độ hung hăng, lầm lì làm theo. Đối với phụ nữ, điều này chắc chắn là tự đào hố chôn mình.{img}Chê bai chiều cao\r\n\r\nMột phần lớn ngoại hình có được phụ thuộc vào yếu tố bẩm sinh, đặc biệt là chiều cao của một người đàn ông. Vì hai người chọn ở bên nhau, nên không chỉ yêu ưu điểm mà còn phải bao dung cho khuyết điểm của nhau.\r\n\r\nVóc dáng và ngoại hình có thể thay đổi trong ngày mai, nhưng chiều cao thì khó thay đổi. Người đàn ông nào cũng muốn mình là người che chở vững chắc nhất cho người yêu và là niềm tin lớn nhất cho con cái, việc phụ nữ chế giễu chiều cao của mình sẽ khiến nhân cách của người đàn ông sụp đổ, khiến anh ta không tìm thấy sự tồn tại của mình trong tình yêu và cảm giác gia đình. Một người đàn ông không có cảm giác tồn tại sớm muộn gì cũng sẽ ra đi.\r\n\r\nTừ chối gia đình của chồng\r\n\r\nTrong xã hội này, đại đa số đàn ông đều là trụ cột của gia đình. Anh ấy không chỉ là trụ cột trong cuộc sống hôn nhân của bạn mà còn là trụ cột trong gia đình của anh ấy với bố mẹ chồng bạn.\r\n\r\nĐàn ông nào cũng muốn trở thành đứa con khiến bố mẹ tự hào, là phụ nữ của anh ấy, bất kể gia cảnh, trình độ học vấn, phẩm chất tính cách của bố mẹ ra sao, bạn cần tôn trọng họ. Cha mẹ không có lựa chọn nào khác, và người vợ là người bạn đồng hành cả đời của người đàn ông, điều này khiến người đàn ông rơi vào tình thế tiến thoái lưỡng nan.\r\n\r\nMỗi gia đình đều có những nỗi khổ riêng, khi bạn từ chối gia đình anh ấy, tình yêu sâu đậm của một người đàn ông dành cho bạn và độ tin cậy sẽ thực sự bị lung lay.\r\n\r\nTheo tiến sĩ Roberts, ngoài người yêu, dành thời gian cho bạn bè, người thân là cần thiết, để bạn có một cuộc sống tốt đẹp. Một đối tác thực sự quan tâm đến bạn sẽ khuyến khích bạn trở thành con người của chính mình và kết nối với những người và những thứ bạn yêu thích, thay vì kìm hãm bạn.	2023-11-15 08:27:04	Đàn ông dù mạnh mẽ đến đâu vẫn có những mỏng manh mà bất cứ ai cũng không thể chạm tới, kể cả người bạn đời. Có những dấu hiệu ghen tuông độc hại mà ngay cả những người có mối quan hệ an toàn nhất cũng có thể phải vượt qua cảm xúc ghen tuông để tránh nguy cơ giết chết tình yêu.	Những "vùng cấm" cần cảnh báo có nguy cơ giết chết tình yêu	5
e04dd0fb-7452-418c-93a3-4556f7cedb1c	8	Giá bào ngư Hàn Quốc sống đang được bán tại các cửa hàng và nhà hàng dao động từ 65-100.000 đồng/con. Bào ngư Hàn Quốc có tác dụng bổ hư, tư âm, nhuận phế thanh nhiệt, tăng khí, hạ nhiệt, trị ho, khó tiêu… Đối với phái mạnh nếu như mắc những bệnh về sinh lý, sử dụng bào ngư sẽ giúp tăng cường sinh lực vô cùng tốt, làm cho đời sống vợ chồng luôn căng tràn hạnh phúc.{img}Bào ngư Hàn Quốc được nuôi trồng một cách tự nhiên tại vùng đảo Wando, Hàn Quốc. Bào ngư ăn rong biển tươi, hoàn toàn an toàn và được kiểm soát chất lượng một cách gắt gao của Bộ Tài nguyên Môi trường Hàn Quốc. \r\n\r\nChungsabada là đơn vị nuôi trồng và xuất khẩu bào ngư lớn nhất của Hàn Quốc được cấp giấy chứng nhận tiêu chuẩn chất lượng của ASC (là sự xác nhận cấp quốc tế đối với thủy sản được nuôi có trách nhiệm, giảm thiểu tối đa tác động xấu lên môi trường, hệ sinh thái, cộng đồng dân cư và đảm bảo tốt các quy định về lao động), FDA (tiêu chuẩn an toàn thực phẩm xuất khẩu vào Mỹ), chứng chỉ HACCP (tiêu chuẩn quốc tế về hệ thống quản lý chất lượng).{img}Thị trường xuất khẩu của bào ngư Chungsabada là Nhật, Việt Nam, Mỹ, Châu Âu. Việt Nam là thị trường xuất khẩu đứng thứ 2 của bào ngư Hàn Quốc. Sản phẩm bào ngư của Chungsabada đang được phân phối ở Việt Nam thông qua Công ty TNHH Thương mại Vận tải Quốc tế Kylen và Công ty TNHH Thực phẩm Calisa. Năm 2022, sản lượng nhập khẩu bào ngư của 2 doanh nghiệp này vào Việt Nam là 150 tấn.\r\n\r\n	2023-11-15 08:28:59	Bào ngư Hàn Quốc đã bắt đầu có mặt tại Việt Nam kể từ năm 2017, đến nay, sản phẩm này đã trở nên quen thuộc với người tiêu dùng Việt Nam và đang nằm trong top 5 sản phẩm hải sản sống bán chạy ở thị trường Việt Nam.	Bào ngư nhập khẩu Hàn Quốc giá chỉ từ 65-100.000 đồng/con	5
829c49b6-46e7-4f1f-860b-4dcc9a8779a3	1	Đối mặt với thách thức không chỉ từ thị trường mà còn từ môi trường và văn hóa toàn cầu, Untra Group không chọn cách thích nghi, mà là người định hình xu hướng. \r\n\r\nUntra Group không chỉ là một doanh nghiệp du lịch, mà là nghệ sĩ của cuộc phiêu lưu, điêu khắc nên những hành trình xanh và độc đáo. Với sứ mệnh phát triển du lịch xanh và du lịch độc đáo, Untra Group không chỉ thách thức giới hạn, mà còn tạo nên những trải nghiệm không gì sánh kịp.{img}Với hơn 7 năm kinh nghiệm không ngừng sáng tạo và hơn 5 công ty thành viên đẳng cấp, tập đoàn Untra Group không dừng lại là một trong những doanh nghiệp du lịch hàng đầu tại Việt Nam mà còn bảo vệ sứ mệnh xanh - xây dựng một du lịch không chỉ đẹp mắt mà còn chân thực, không chỉ nổi bật mà còn bền vững. \r\n\r\nHãy để Untra Group kể một câu chuyện mới, nơi mà mỗi hành trình là một tác phẩm nghệ thuật, mỗi địa điểm là một hành trình xanh và du lịch độc đáo.{img}1. Untra Group - Xanh là cuộc phiêu lưu, độc đáo là nghệ thuật\r\n\r\nDu lịch xanh không chỉ là một hành trình, mà còn là một nơi mà thiên nhiên và con người gặp nhau, tạo nên bức tranh sống động của sự hòa quyện. Untra Group biến mỗi chuyến phiêu lưu thành cơ hội tương tác sâu sắc với môi trường và cộng đồng địa phương, nâng cao trải nghiệm du lịch từ khái niệm đơn giản thành tác phẩm nghệ thuật không lẫn vào đâu được.\r\n\r\nDẫn dắt du khách qua những kỳ quan tự nhiên, hướng dẫn họ cảm nhận và kết nối với môi trường xung quanh. Trải nghiệm du lịch xanh của Untra Group không chỉ là việc trồng cây, câu cá, sinh tồn trong rừng, leo núi hay du ngoạn qua rừng, mà là hành trình kết nối tâm hồn và sự hiểu biết về vẻ đẹp thiên nhiên. \r\n\r\nLuôn chú trọng đến sự giáo dục và mang lại niềm vui, sự giải trí thông qua những trải nghiệm không giới hạn, chú trọng đặt sự bảo vệ môi trường, đặt chất lượng và trách nhiệm làm ưu tiên hàng đầu.\r\n\r\nBên cạnh việc cho phép du khách tiếp cận với thiên nhiên trong giới hạn an toàn đã được xác định, mà còn tạo ra những dự án du lịch mang tính bền vững. \r\n\r\nTừ tuyến điểm trồng cây Untra Farm kết nối với hơn 20 khu bảo tồn quốc gia Việt Nam đến các tour du lịch chạy dọc theo khu bảo tồn thiên nhiên theo tiêu chuẩn bảo vệ môi trường. Untra Group không chỉ là người hướng dẫn mà còn là nhà điều phối của cuộc hội ngộ giữa con người và tự nhiên.{img}2. Du lịch Độc Đáo - Chinh phục tâm hồn khám phá\r\n\r\nVới công ty CP Du lịch Độc Đáo đóng vai trò là nhân vật chính trong hành trình khám phá của Untra Group, không chỉ tạo ra chương trình du lịch, mà còn là nhà sáng tạo của những trải nghiệm không giới hạn. \r\n\r\nCho đến hiện tại, Du Lịch Độc Đáo là đối tác liên kết của hơn 200 doanh nghiệp, nổi bật có thể kể đến tập đoàn Vin Group, tập đoàn CBRE, Vietcombank, PNJ, Điện Máy Xanh và các tập đoàn công nghệ Shopee, Momo.\r\n\r\nDu Lịch Độc Đáo không những thiết kế chương trình mà còn tạo ra sự gắn kết văn hóa doanh nghiệp với mỗi thành viên đối tác. Mỗi chuyến đi không chỉ là một cuộc hành trình đơn thuần mà là một tác phẩm nghệ thuật độc đáo, không trộn lẫn với bất kỳ điểm đến nào khác. \r\n\r\nLuôn chú trọng đến yêu cầu của du khách và biến mỗi yêu cầu thành một câu chuyện riêng, nhờ vào hiểu biết sâu sắc về địa phương và mạng lưới đối tác mở rộng, Du Lịch Độc Đáo sẽ luôn mong muốn giới thiệu với du khách về nền văn hóa, nghệ thuật dân gian độc đáo và kết nối họ với cuộc sống hàng ngày của cộng đồng bản địa, như một phần của những nghi lễ văn hóa truyền thống đầy màu sắc.\r\n\r\nKhông chỉ là chuyên gia du lịch, mà Untra Group còn là người làm nên sự khác biệt trong du lịch Teambuilding & nghỉ dưỡng cho các doanh nghiệp. Với sự quyết tâm tạo ra các chương trình sáng tạo, đảm bảo sự chuyên nghiệp và tinh tế trong từng chi tiết, công ty CP Du Lịch Độc Đáo cam kết mang đến trải nghiệm độc đáo với mục tiêu hình thành văn hoá doanh nghiệp thông qua những chương trình du lịch Teambuilding ý nghĩa, nơi sự sáng tạo và kết nối đặt chân tới một tầm cao mới.\r\n\r\nCuối cùng, Untra Group hy vọng rằng việc phát triển du lịch xanh và du lịch độc đáo sẽ khơi nguồn cảm hứng cho người khác và làm thay đổi cách tiếp cận của người ta đối với du lịch. Chúng tôi tin rằng du lịch không chỉ là việc tham quan và trải nghiệm, mà còn là cơ hội để chúng ta tìm hiểu và tôn trọng những giá trị văn hóa và môi trường của các quốc gia khác nhau trên thế giới. Untra Group cam kết sẽ luôn là người đồng hành của du khách trong cuộc hành trình khám phá vẻ đẹp đa dạng của thế giới và bảo vệ nó cho thế hệ mai sau.	2023-11-15 08:32:28	Trong thế kỷ 21, du lịch đã trở thành một ngành công nghiệp lớn nhất thế giới, đóng góp đáng kể vào GDP của nhiều quốc gia và tạo ra hàng triệu việc làm. Tuy nhiên, sự tăng trưởng không ngừng nghỉ của ngành du lịch cũng đã gây tác động tiêu cực đến môi trường và văn hóa trong nhiều điểm đến trên khắp thế giới.	Untra Group - Xu hướng “xanh” kết hợp teambuilding cùng Du lịch Độc Đáo	5
e5bd038b-5d07-477d-b619-7a068cecdba7	8	Chỉ cần nghe tiếng rao "Ai xôi khúc đây", hay "Ai bánh khúc đây", người nghe đã mường tượng ra một chiếc bánh nóng hổi, bọc bên ngoài một lớp xôi. Hương vị bên trong mới làm người ta khó quên, bởi cái mùi ngai ngái của rau khúc, hòa quện với hương thơm của thịt lợn, đậu xanh, hạt tiêu, gia vị. Chỉ mới nghĩ đến thế nhiều không khỏi ứa nước miếng.{img}Theo chia sẻ của một số chủ quán làm bánh khúc, nguyên liệu chủ đạo làm nên hương vị độc đáo của món bánh này là rau khúc. Vì vậy, người làm bánh cần chuẩn bị và lựa chọn rau khúc cũng như các nguyên liệu khác kĩ càng trước khi chế biến.\r\n\r\nKhúc là loại rau thường mọc ở triền đê, đồng ruộng. Có hai loại rau khúc là rau khúc nếp và rau khúc tẻ. Muốn làm bánh ngon, người làm bánh nên chọn rau khúc nếp tươi non, hái từ buổi sớm, có hương thơm.\r\n\r\nRau khúc sau khi làm sạch, luộc chín, xay nhuyễn vắt lấy nước cốt và trộn với bột gạo nếp để làm vỏ bánh. Gạo nếp và đậu xanh được vo, đãi sạch tạp chất, ngâm 4-6 tiếng, vớt ra để ráo nước.\r\n\r\nNhân bánh được làm từ đậu xanh, đồ chín, giã thật mịn, nặn viên tròn cùng thịt lợn. Thịt lợn là loại thịt ba chỉ không nạc hay mỡ quá, thái miếng nhỏ được tẩm ướp gia vị như: muối, nước mắm, hạt tiêu.{img}Bà Nguyễn Thị Lan, chủ một cửa hàng bánh khúc tại đường Lê Duẩn, quận Đống Đa, Hà Nội, chia sẻ: "Tôi bán bánh khúc khoảng 40 năm nay. Gạo làm bánh khúc là loại nếp cái hoa vàng thơm, hạt đều. Để mỗi chiếc bánh thơm ngon khâu quan trọng và vất vả nhất là chế biến rau khúc. Sau khi chọn được rau khúc ngon, rửa sạch, mang đi nấu chín, xay nhuyễn vắt lấy nước cốt trộn với bột nếp, tạo màu xanh tự nhiên cho vỏ bánh".\r\n\r\nThịt thái nhỏ hạt lựu, phi thơm với hành, hạt tiêu. Khi nặn bánh, người làm chia nhân và vỏ bánh đều nhau. Vỏ bánh được tán mỏng, cho nhân vào giữa cùng đậu xanh xay nhuyễn. Lấy 2 tay vo bánh cho tròn, sau đó lăn lên gạo nếp.\r\n\r\nKhi xếp vào nồi, mỗi lớp bánh rải một lớp gạo nếp, miệng nồi phủ lớp lá chuối xanh cho thơm. Bánh cách bánh một khoảng để khi lấy bánh ra không bị dính và vỡ. Khi chín, hạt xôi bóng, mẩy. Các bà, các mẹ bán chỉ cần phủ lên trên thúng xôi một tấm khăn sạch, vừa để giữ nhiệt và thấm hơi nước bốc lên không làm nhão xôi.{img}Mỗi phần bánh sẽ được gói trong những tấm lá chuối thơm dậy mùi gạo nếp. Khi ăn, ta cảm nhận được xôi mềm dẻo, có mùi thơm đậm đà của rau khúc hòa quyện cùng độ bùi bở nhân đậu xanh, béo ngậy của thịt lợn và mùi thơm hành, hạt tiêu.\r\n\r\nAnh Phan Văn Cường ở quận Hai Bà Trưng chia sẻ: "Tôi thường xuyên mua bánh khúc để ăn sáng. Bánh khúc đậm vị truyền thống có mùi vị thơm ngon, xôi dẻo mềm, dậy mùi đặc trưng từ lá khúc".\r\n\r\nBánh khúc đã trở thành món ăn dẫn dã, quen thuộc của bao người Hà Nội. Mỗi sáng, trưa, hay tối bánh khúc đều có thể được sử dụng trong bữa ăn chính hoặc ăn phụ vào chiều, đêm khuya. Bánh khúc có thể ăn không, hay ăn với giò lụa, chả đều ngon.	2023-11-15 08:36:30	Bánh khúc (hay xôi khúc) là một món ăn dân dã mang tính truyền thống của người Việt Nam. Chiếc bánh nóng hổi, mềm dẻo, dậy mùi rau khúc đã trở thành nét văn hóa ẩm thực, hấp dẫn người Hà Nội. Ngày nay, xôi khúc đã có mặt tại nhiều nơi nhưng TP HCM là nơi địa phương có nhiều điểm bán xôi cúc (cách gọi của người miền Nam).	Xôi khúc - món ngon dân dã không chỉ ở Hà Nội	3
67c61502-5ddf-476b-af50-585379fd5f0d	4	Theo ông Borrell, EU cần thời gian để sản xuất thêm. Nhà ngoại giao hàng đầu này nhấn mạnh cam kết của EU sẽ cung cấp đủ 1 triệu quả đạn pháo cho Kiev trước tháng 3-2024.\r\n\r\nÔng Borrell cho biết: "Chúng tôi không có đạn dược ở Brussels. Chúng tôi không có kho đạn dược mà phải huy động kho dự trữ của quân đội châu Âu".{img}Ông Borrell cho biết kế hoạch ban đầu cung cấp những gì quân đội có trong kho dự trữ của họ đã hoàn thành, đồng thời lưu ý rằng khối này đã cung cấp cho Ukraine hơn 300.000 quả đạn pháo. Ông nhấn mạnh hiện rất khó để lấy thêm đạn dược từ kho dự trữ của quân đội EU.\r\n\r\nTheo đài RT, số đạn dược được cung cấp nói trên dường như xác nhận báo cáo trước đó của Bloomberg rằng EU chỉ cung cấp cho Kiev 30% số đạn như đã cam kết. Theo ông Borrell, việc cung cấp đạn dược hiện phụ thuộc vào năng lực sản xuất của các nhà sản xuất vũ khí trong khối.\r\n\r\nÔng Borrell cho hay ngành công nghiệp quốc phòng châu Âu đang xuất khẩu rất nhiều. Khoảng 40% số đạn dược đang được xuất khẩu sang nước thứ 3 nên không phải là EU thiếu năng lực sản xuất.\r\n\r\nTrước đó, một quan chức cấp cao giấu tên của EU nói với tờ Politico Europe rằng EU có thể sẽ không gửi đủ 1 triệu quả đạn mà họ đã cam kết cho Ukraine vào tháng 3-2024. Bộ trưởng Quốc phòng Đức Boris Pistorius nói với tờ Guardian rằng mục tiêu này dường như nằm ngoài tầm với.\r\n\r\nTheo tờ Pravda, Bộ trưởng Ngoại giao Ukraine Dmytro Kuleba cũng đưa ra đánh giá tương tự hôm 13-11 khi cho đó là do hạn chế của các nhà sản xuất quốc phòng châu Âu chứ không phải là do thiếu sự nhiệt tình.\r\n\r\nCác nhà sản xuất hàng đầu châu Âu đang phải chật vật để đáp ứng kịp mức tiêu thụ đạn dược hằng ngày của Ukraine, theo ước tính của Bộ quốc phòng Estonia vào khoảng 6.000 - 7.000 quả đạn pháo.\r\n\r\nCác quan chức Ukraine gần đây tiếp tục yêu cầu cung cấp thêm vũ khí và viện trợ sát thương khác khi cuộc phản công của Kiev không mang lại kết quả đáng kể. Hồi đầu tháng này, Tổng Tư lệnh Các lực lượng vũ trang Ukraine Valery Zaluzhny mô tả tình trạng xung đột với Nga đang "bế tắc".	2023-11-15 08:38:27	Đại diện cấp cao về chính sách an ninh và đối ngoại của Liên minh châu Âu (EU) Josep Borrell cho biết hôm 14-11 rằng các nước thành viên EU đã cung cấp cho Ukraine tất cả số đạn dược trong kho dự trữ hiện có.	EU không thể đáp ứng đủ đạn dược cho Ukraine	3
791b77b7-992d-42bd-8245-c27ef4c3d34e	10	Sáng 13-11, liên quan tai nạn liên hoàn nghiêm trọng ở Thủ Đức (TP HCM), Công an TP Thủ Đức đã tạm giữ tài xế gây tai nạn để điều tra về hành vi vi phạm luật giao thông dẫn đến tai nạn chết người.{img}Tài xế là ông Phạm Cao Trí (39 tuổi, ngụ quận 8). Bước đầu xác định ông này đã dùng rượu bia trước khi xảy ra tai nạn trên.\r\n\r\nHơn 16 giờ ngày 12-11, ông Trí chạy ô tô trên đường Nguyễn Văn Tăng, hướng từ ngã 3 Gò Công về ngã 3 Mỹ Thành. Khi đến đoạn giao với đường số 15 (phường Long Thạnh Mỹ, TP Thủ Đức), xe ông Trí lái va chạm vào bên hông một ô tô đi hướng ngược lại. \r\n\r\nChiếc xe tiếp tục va chạm với một ô tô khác rồi lao sang làn đường ngược lại tông 3 xe máy, tông sập tường nhà dân...\r\n\r\nVụ tai nạn làm chị Trần Thị Yến N. (18 tuổi, ngụ TP Thủ Đức) tử vong, 2 khác bị thương.\r\n\r\nTheo bà Chín (chủ nhà), thời điểm trên trời mưa, bà đang mua bún riêu bên đường bỗng nghe tiếng "rầm", nhìn lại thì thấy một ô tô tông vào nhiều ô tô khác rồi lao sang làn đường bên cạnh tông vào nhà mình.\r\n\r\n"Ba mẹ con tôi thường ngày bán hàng từ 16 - 22 giờ, chủ nhật nên nghỉ một hôm, không ngờ lại may mắn thoát nạn. May mắn hơn xe không lao thẳng vào nhà vì lúc đó cả nhà tôi đang ở bên trong" - bà Chín kể lại.\r\n\r\nAnh Tùng, một nhân chứng khác cho biết sau khi gây tai nạn, tài xế mở cửa xuống xe đi loạng choạng.	2023-11-15 08:40:43	Sau khi va chạm 2 ô tô, chiếc xe tông thêm 3 phương tiện rồi lao vào nhà dân...	Công an TP Thủ Đức tạm giữ tài xế gây tai nạn liên hoàn khiến 1 người chết	3
bd6ed54d-5b1f-438f-b444-ba0b654f81a8	10	Trung Quốc đang trở thành "điểm bùng nổ" của xe điện thế giới, khi nhu cầu tiêu thụ tại thị trường này ngày càng lớn và đang có xu hướng tăng nhanh. Đáng chú ý, với lợi thế "sân nhà", thời gian qua nhiều thương hiệu ô tô của nước này cũng phát triển nhanh chóng. Không chỉ vượt mặt hãng xe "đình đám" Tesla để làm chủ thị trường trong nước; các đại diện xe điện Trung Quốc còn không ngại mở rộng thị phần tại những thị trường nước ngoài, với tham vọng trở thành "ngọn cờ đầu" trong ngành ô tô điện.\r\n\r\nTại Việt Nam, "xúc tua" của xe điện Trung Quốc cũng đã bắt đầu vươn tới. Chỉ trong vòng nửa đầu năm 2023, lần lượt những "ông lớn" như SGMW, Chery hay BYD… đã có mặt tại "dải đất hình chữ S".{img}Chery hoàn tất kế hoạch phân phối 2 thương hiệu con, gồm Omoda và Jaecoo. Trong đó, bên cạnh những dòng xe sử dụng động cơ đốt trong, tập đoàn sản xuất và xuất khẩu ô tô lớn nhất Trung Quốc này đã dự kiến đưa vào Việt Nam dải sản phẩm xe điện của Omoda, trước mắt là E5. Trong khi, BYD thậm chí đã rục rịch xây dựng nhà máy sản xuất ô tô tại miền Bắc và sẵn sàng cho kế hoạch "dài hơi" hơn tại một trong những thị trường được hãng này đánh giá là tiềm năng nhất ở Đông Nam Á.\r\n\r\nMặc dù vậy, Chery và BYD chưa phải hai cái tên quyết tâm nhất. Bởi một ông lớn khác của ô tô Trung Quốc là SGMW - liên doanh General Motors (GM) - (SAIC - WULING) còn mạnh tay hơn. Từ cuối tháng 6.2023, liên doanh ô tô của miền nam Trung Quốc đã trình làng mẫu xe điện giá rẻ Wuling Hongguang MiniEV tại Việt Nam. Hai tháng sau đó, liên doanh này cùng đối tác TMT Motors chính thức bàn giao những chiếc xe điện đầu tiên cho khách Việt.{img}Không chỉ nhanh chân trong việc phân phối sản phẩm, SGMW cũng không ngại đầu tư mở rộng hệ thống phân phối với số lượng đại lý ngày càng tăng và đã trải đều trên cả nước. Với đại lý mới nhất vừa khai trương tại phường Thới An, quận 12 (TP.HCM), tính đến thời điểm hiện tại, SGMW và TMT Motors đã sở hữu tổng cộng 21 đại lý ủy quyền, dành riêng phục vụ khách hàng của thương hiệu Wuling.\r\n\r\nKhông chỉ vậy, liên doanh ô tô Trung Quốc cũng đã lên sẵn kế hoạch xây dựng nhà máy tại Việt Nam để sản xuất mẫu ô tô điện cỡ nhỏ này, đáp ứng mục tiêu chiếm lĩnh và "phủ sóng" ở phân khúc ô tô điện giá rẻ cỡ nhỏ trong thời gian tới.\r\n\r\nTheo nhiều chuyên gia, xe điện sớm muộn cũng sẽ trở thành xu thế tại Việt Nam. Tuy nhiên, tương lai xe điện có thể chưa thể hiện thực hóa trong "một sớm, một chiều". Bởi lẽ, khác với Trung Quốc hay nhiều thị trường lớn như Mỹ hay châu Âu, xe điện hay ô tô điện nói riêng hiện tại vẫn đang gặp khá nhiều thách thức tại Việt Nam. Trong đó, cơ sở hạ tầng (cụ thể là hệ thống điện và trạm sạc) và thị hiếu, tâm lý của khách hàng đang là những rào cản lớn nhất.{img}Mặc dù vậy, với những động thái khá quyết liệt trong thời gian qua, có vẻ như nhiều hãng xe điện Trung Quốc không ngại "khó" và vẫn cho thấy quyết tâm đánh mạnh vào thị trường "hàng xóm" đầy tiềm năng. \r\n\r\nTrên thực tế, những kết quả khởi sắc của Wuling Hongguang MiniEV sau vài tháng có mặt trên thị trường cũng đang chứng minh kế hoạch của SGMW và các thương hiệu xe điện Trung Quốc là hoàn toàn có cơ sở. Bởi, việc xây dựng thương và đẩy mạnh phát triển hệ thống phân phối từ bây giờ sẽ giúp những "ông lớn" của ngành ô tô điện Trung Quốc có được "bệ phóng", sẵn sàng đón đầu làn sóng lớn chuyển dịch sang xe điện tại Việt Nam, được dự báo sẽ diễn ra trong thập kỷ tới.	2023-11-15 08:44:15	Wuling liên tục mở rộng hệ thống phân phối, các "ông lớn" xe điện khác như BYD, Chery… cũng đã ráo riết đẩy mạnh việc tìm kiếm đối tác, sẵn sàng cho màn đổ bộ vào thị trường Việt Nam, bất chấp những bất lợi hiện hữu.	Xe điện Trung Quốc không ngại rào cản, quyết thâm nhập thị trường Việt Nam?	4
53dee037-322b-4816-a53b-1c184597998d	4	Reuters đưa tin dự luật chi tiêu tạm thời đã được Hạ viện thông qua với 336 phiếu thuận và 95 phiếu chống, trong đó số nghị sĩ Dân chủ ủng hộ (209) nhiều hơn các nghị sĩ Cộng hòa (127).{img}Dự luật sẽ cần Thượng viện thông qua và Tổng thống Joe Biden ký ban hành mới có hiệu lực. Lãnh đạo phe đa số tại Thượng viện Chuck Schumer (đảng Dân chủ) tối 14.11 nói hài lòng vì dự luật được thông qua với sự ủng hộ mạnh mẽ của lưỡng đảng, đồng thời cho biết sẽ làm việc cùng lãnh đạo đảng Cộng hòa tại Thượng viện Mitch McConnell để thông qua sớm nhất có thể.\r\n\r\nDự luật sẽ duy trì ngân sách cho chính phủ chi tiêu ở mức hiện tại đến giữa tháng 1.2024, ngăn chặn nguy cơ chính phủ đóng cửa vào ngày 17.11 và cho các nghị sĩ thêm thời gian để thông qua các dự luật chi tiêu đầy đủ hơn cho các cơ quan và chương trình chính sách.\r\n\r\nMột số nghị sĩ cánh hữu của Cộng hòa đã thể hiện sự tức giận vì dự luật không gồm những cắt giảm chi tiêu và biện pháp an ninh biên giới. Ông Kevin McCarthy, người tiền nhiệm của Chủ tịch Hạ viện Mike Johnson, đã bị nhóm nghị sĩ trong đảng Cộng hòa lật đổ sau cuộc bỏ phiếu tương tự hồi tháng 9 khi phải nhờ đến lá phiếu của phe Dân chủ để ngăn chính phủ đóng cửa.\r\n\r\nTuy nhiên, các nghị sĩ cứng rắn của đảng Cộng hòa lần này nói họ sẽ không chống lại ông Johnson. "Chúng tôi không ủng hộ nó (dự luật) nhưng chúng tôi ủng hộ ông ấy", hạ nghị sĩ Bob Good nói. "Đây không phải là điều lý tưởng nhưng việc đóng cửa còn tệ hơn nhiều", hạ nghị sĩ Mike Garcia bình luận.	2023-11-15 08:45:14	Hạ viện Mỹ ngày 14.11 đã thông qua dự luật chi tiêu tạm thời với sự ủng hộ của nhiều nghị sĩ của hai đảng nhằm ngăn chính phủ đóng cửa khi hạn chót sắp đến gần.	Hạ viện Mỹ thông qua dự luật ngăn chính phủ đóng cửa, chờ Thượng viện	4
d7249793-ba80-42c3-bb05-1df2c1a64c5a	1	Cắn móng tay là thói quen xấu thường thấy ở trẻ nhỏ, một vài trường hợp còn có thể gặp ở độ tuổi trưởng thành. Nếu tình trạng cắn móng tay ở một người trở nên thường xuyên hơn và gây ảnh hưởng đến sức khỏe thì đây có đơn thuần là thói quen xấu hay là biểu hiện của một dạng rối loạn tâm thần?\r\n\r\nNgày 11.10, bác sĩ chuyên khoa 1 Võ Thị Ngọc Thu, bác sĩ Nội thần kinh, Bệnh viện đa khoa quốc tế Nam Sài Gòn, cho biết nghiện cắn móng tay có thể được coi là thói quen xấu hoặc hành vi tự gây tổn thương cho cơ thể, thường xuất hiện khi chúng ta cảm thấy nhàm chán, căng thẳng, lo lắng. Nếu tình trạng cắn móng tay trở nên thường xuyên và gây ảnh hưởng đến cuộc sống hằng ngày thì đó được xem là một dạng rối loạn hành vi lặp đi lặp lại tập trung vào cơ thể (rối loạn tâm thần).\r\n\r\nRối loạn hành vi lặp đi lặp lại tập trung vào cơ thể có nhiều nguyên nhân gây ra, bao gồm biến chứng của rối loạn lo âu, căng thẳng, hoặc có thể là một phản ứng với tình huống xung đột hoặc áp lực trong cuộc sống. Nó cũng có thể có yếu tố di truyền và có thể xuất hiện cùng với các rối loạn tâm lý khác như rối loạn ám ảnh hoặc rối loạn kiểm soát xung đột. Tuy nhiên, không phải lúc nào nghiện cắn móng tay cũng liên quan đến rối loạn tâm thần.\r\n\r\nMột số dấu hiệu giúp chúng ta có thể phân biệt được thói quen cắn móng tay với rối loạn tâm thần:\r\n\r\nThói quen cắn móng tay: Thường xảy ra khi người ta cảm thấy căng thẳng, lo lắng, có thể do thói quen từ nhỏ. Thói quen cắn móng tay không gây ra các triệu chứng tâm lý khác như suy nhược, mất giấc ngủ, hoặc suy nghĩ tiêu cực.\r\n\r\nRối loạn tâm thần: Các dấu hiệu nhận biết bao gồm rối loạn giấc ngủ, suy nhược, tâm trạng thất thường, lo lắng quá mức và suy nghĩ tiêu cực. Có thể có liên quan đến các rối loạn tâm lý như rối loạn ám ảnh, rối loạn lo âu hoặc rối loạn cảm xúc. Người nghiện cắn móng tay do rối loạn tâm thần sẽ gây ảnh hưởng nghiêm trọng đến chất lượng cuộc sống và cần điều trị.\r\n\r\nĐể có thể xác định đúng nguyên nhân gây ra tình trạng nghiện cắn móng tay, người bệnh nên đến cơ sở y tế gặp bác sĩ để được tư vấn.{img}Tác hại của cắn móng tay và một số biện pháp ngăn chặn\r\nViệc cắn móng tay liên tục có thể gây ra một số vấn đề ngắn hạn, bao gồm các vấn đề về răng như răng lệch lạc, răng sứt mẻ, nhiễm nấm ở móng. Các vấn đề về miệng, bao gồm đau hàm và chấn thương mô mềm, nhiễm trùng da, tổn thương mô ở ngón tay, móng tay và lớp biểu bì. Ngoài ra, vi khuẩn, vi rút có thể sống trên bề mặt móng tay, ngón tay trong nhiều giờ, vì vậy khi đưa tay vào miệng, sẽ khiến cơ thể tiếp xúc với vi rút gây cảm lạnh, cúm, các bệnh lý đường tiêu hóa...\r\n\r\nNhiều biện pháp tại nhà có thể sử dụng để giúp ngăn chặn hành vi cắn móng tay như dùng dụng cụ bảo vệ miệng, sơn móng tay bằng sơn móng tay có vị đắng, cắt ngắn móng tay hoặc sử dụng phương pháp truyền thống là bôi dầu đắng lên móng tay. Thử đeo găng tay vào ban đêm hoặc khi ở một mình để không cắn móng tay. Thay cắn móng tay, hãy thay thói quen này bằng nhai kẹo cao su hoặc hoặc các loại kẹo yêu thích.\r\n\r\nTrong trường hợp đã áp dụng nhiều biện pháp, nhiều lần cố gắng bỏ thói quen cắn móng tay nhưng vẫn không hiệu quả, nên tham khảo ý kiến bác sĩ.	2023-11-15 08:47:29	Nghiện cắn móng tay có thể được coi là thói quen xấu. Tuy nhiên, nếu tình trạng này lặp đi lặp lại với tần suất cao gây ảnh hưởng cuộc sống, sức khỏe thì được xem là biểu hiện rối loạn tâm thần.	Nghiện cắn móng tay: Có phải chỉ là thói quen xấu?	4
b0c28c32-05d7-4e7d-9673-0aef971448be	6	Mới đây mạng xã hội xuất hiện clip ghi lại vụ việc một nữ sinh lớp 6 bị đánh hội đồng tại lớp học. Sự việc được cho là xảy ra tại Trường THCS Tân Minh (H.Thường Tín, Hà Nội).\r\n\r\nPhòng GD-ĐT H.Thường Tín cho biết: sự việc xảy ra vào khoảng 16 giờ 45 ngày 10.11, tại hành lang lớp 6D, em L.T.N (lớp 6D) bị 4 học sinh đánh. Trong số 4 học sinh này, có 3 em học tại Trường THCS Tân Minh và 1 học sinh đã học xong lớp 9 năm học 2022 - 2023. {img}Sau khi biết thông tin, ban giám hiệu nhà trường đã cử giáo viên chủ nhiệm lớp 6D phối hợp với gia đình đưa em L.T.N đi khám tại Bệnh viện Nông nghiệp 1. Theo kết luận của bệnh viện, tình trạng sức khỏe của em N không nghiêm trọng và bệnh viện đã cho em N xuất viện.\r\n\r\nPhòng GD-ĐT H.Thường Tín đã trực tiếp làm việc với nhà trường, phê bình ban giám hiệu nhà trường không báo cáo kịp thời vụ việc để có hướng chỉ đạo giải quyết sớm. Phòng yêu cầu nhà trường thăm hỏi, động viên, ổn định tinh thần em L.T.N và gia đình; có biện pháp ổn định tâm lý cho giáo viên và học sinh.\r\n\r\nPhòng cũng yêu cầu nhà trường thành lập ngay hội đồng kỷ luật, trước mắt tạm dừng việc học đối với những học sinh liên quan đến vụ việc trong thời gian tối thiểu 1 tuần để kiểm điểm thái độ và hành vi; đồng thời phối hợp ngay với các cơ quan chức năng và các gia đình để làm rõ sự việc. \r\n\r\nSau khi có kết luận chính thức của cơ quan điều tra, Phòng GD-ĐT H.Thường Tín sẽ tiếp tục hướng dẫn và chỉ đạo nhà trường có những biện pháp xử lý phù hợp, đúng quy định. Phòng đã có công văn gửi đến tất cả các trường học trên địa bàn, yêu cầu các nhà trường có biện pháp tuyên truyền, giáo dục học sinh, kịp thời ngăn chặn ngay các hiện tượng tương tự xảy ra.\r\n\r\nLiên quan đến sự việc này, trước đó ngày 13.11, UBND H.Thường Tín có văn bản về việc xử lý sự việc bạo lực tại Trường THCS Tân Minh.\r\n\r\nĐể kịp thời chấn chỉnh các hiện tượng bạo lực học đường xảy ra tại Trường THCS Tân Minh và các trường học trên địa bàn, UBND H.Thường Tín yêu cầu Trường THCS Tân Minh thăm hỏi, động viên, ổn định tinh thần cho em L.T.N, có biện pháp ổn định tâm lý cho giáo viên và học sinh để không ảnh hưởng đến hoạt động dạy và học của nhà trường. \r\n\r\nNhà trường tiếp tục phối hợp với công an xã tìm hiểu vụ việc để có hướng giải quyết, xử lý phù hợp bảo đảm vừa có tính giáo dục, vừa có tính răn đe; đồng thời quán triệt giáo viên có biện pháp quản lý học sinh, không để tái diễn tình trạng bạo lực học đường.\r\n\r\nĐối với UBND Xã Tân Minh, UBND H.Thường Tín chỉ đạo công an xã phối hợp với công an huyện, nhà trường điều tra, tìm hiểu và có kết luận về vụ việc để có hướng giải quyết kịp thời, phù hợp; các ngành, đoàn thể tăng cường công tác phối hợp giáo dục đạo đức cho học sinh; tăng cường công tác đảm bảo an ninh, an toàn trường học.\r\n\r\nPhòng GD-ĐT H.Thường Tín được yêu cầu tích cực phối hợp với công an huyện, UBND xã Tân Minh chỉ đạo Trường THCS Tân Minh xử lý dứt điểm vụ việc; chỉ đạo các trường học trên địa bàn có các biện pháp tuyên truyền, giáo dục học sinh, kịp thời ngăn chặn các hiện tượng tương tự xảy ra; chỉ đạo Trường THCS Tân Minh bảo đảm việc dạy và học, không để sự việc ảnh hưởng đến các hoạt động dạy và học của nhà trường.	2023-11-15 08:49:22	Nhóm học sinh đánh hội đồng một nữ sinh lớp 6 ở Hà Nội đang gây bức xúc trên mạng xã hội, đã bị đình chỉ học tập tối thiểu 1 tuần để kiểm điểm thái độ và hành vi; đồng thời nhà trường đang phối hợp với các cơ quan chức năng và các gia đình để làm rõ sự việc.	Hà Nội: Đình chỉ học nhóm học sinh đánh hội đồng một nữ sinh lớp 6	3
1cf087dc-4b6c-4b25-9a92-802290de0ff8	7	Theo PhoneArena, chia sẻ trên mạng xã hội X, người rò rỉ Majin Bu cho biết Apple đang thử nghiệm thiết kế đục lỗ cho các mẫu iPhone 16 Pro. Tuy nhiên, ông cũng nói quyết định cuối cùng của Apple đối với thiết kế có thể phải chờ đến tháng 3 năm sau mới được đưa ra.{img}Majin Bu cũng ám chỉ phiên bản đục lỗ có nhiều khả năng xuất hiện trên iPhone 17 hơn là các mẫu iPhone 16 Pro - vốn có thể sẽ giữ lại Dynamic Island. Thông tin này được cho là có khả năng hơn bởi Dynamic Island mới chỉ ra mắt vào năm ngoái trên iPhone 14 Pro và 14 Pro Max trước khi triển khai trên tất cả thành viên loạt iPhone 15 trong năm 2023.\r\n\r\nĐược biết, Majin Bu là người đã cung cấp một số dữ liệu chính xác về iPad mini, màu sắc của iPhone 12 cũng như các vấn đề sản xuất iPhone 15.\r\n\r\nTrước đó, khi nói về dòng iPhone 17, chuyên gia rò rỉ Ross Young của DCSS đã chỉ ra những tin tức đáng chú ý khác về các mẫu sản phẩm ra mắt năm 2025. Theo Young, tất cả các thành viên đều đi kèm màn hình lớn hơn, với các mẫu iPhone 17 và 17 Pro có màn hình 6,3 inch, còn iPhone 17 Plus và 17 Pro Max có màn hình 6,9 inch. Quan trọng hơn, Young dự đoán vào năm 2025, Apple sẽ lần đầu tiên đưa công nghệ ProMotion 120 Hz đến với các mẫu iPhone kém cao cấp hơn.\r\n\r\nCuối cùng, Young chỉ ra khả năng iPhone 17 Pro sẽ có mô-đun Face ID được tích hợp trong màn hình, có nghĩa thiết bị có thể trang bị màn hình không có các đường cắt nào.	2023-11-15 08:50:21	Những tin đồn liên quan đến iPhone 16 Pro bắt đầu xuất hiện khi Apple được cho là đã thử nghiệm nguyên mẫu cao cấp sắp tới với phần lỗ khoét trên màn hình và khiến Dynamic Island biến mất.	iPhone 16 Pro có thể ra mắt mà không có Dynamic Island	3
798751a2-b726-479f-89d7-9de05a4a9926	3	Kỷ niệm 50 năm quan hệ ngoại giao Việt Nam - Nhật Bản, TP.HCM đã tổ chức đoàn công tác do Phó chủ tịch UBND TP.HCM Ngô Minh Châu làm trưởng đoàn, cùng đại diện lãnh đạo các đơn vị: Sở Du lịch, Sở Ngoại vụ, Sở Kế hoạch - Đầu tư, Trung tâm Xúc tiến thương mại và đầu tư TP.HCM đã đến làm việc với Thống đốc tỉnh Aichi để giới thiệu về "Môi trường đầu tư, cơ chế đặc thù và thời cơ mới cho nhà đầu tư khi đầu tư vào TP.HCM, về du lịch Việt Nam – TP.HCM".{img}Trong chuyến công tác lần này, UBND TP.HCM giao nhiệm vụ cho Sở VH-TT TP.HCM chuẩn bị các chương trình nghệ thuật, tổ chức gian hàng trưng bày về một số sản phẩm văn hóa, nghệ thuật đặc trưng của Việt Nam phục vụ trong Lễ hội Việt Nam tại tỉnh Aichi, Nhật Bản.{img}Vào sáng ngày 10.11, các nghệ sĩ của Sở VH-TT TP.HCM đã biểu diễn hòa tấu nhạc cụ dân tộc phục vụ tại hội thảo "Xúc tiến đầu tư TP.HCM" ở Trung tâm Triển lãm Post Mese Nagoya, thành phố Nagoya, tỉnh Aichi.{img}Trưa ngày 11.11, các nghệ sĩ đã biểu diễn chương trình nghệ thuật với chủ đề Sắc màu Phương Nam, phục vụ lễ khai mạc Lễ hội văn hóa Việt Nam - Aichi, Nhật bản tại sân khấu chính công viên Edition Hisaya Plaza, thành phố Nagoya, tỉnh Aichi. Chương trình mang đến các phần trình diễn: bộ sưu tập áo dài của nhà thiết kế Tuấn Hải - Hồn Việt - do các người mẫu, hoa hậu và á hậu trình diễn; tiết mục xiếc trượt patin Vòng tròn tình yêu của nghệ sĩ xiếc Lê Hưng - Nhã Hiếu đến từ Nhà hát Nghệ thuật Phương Nam và kết thúc bằng tiết mục hòa tấu đàn tranh, đàn nhị, sáo trúc trên nền nhạc hiện đại.\r\n\r\nChiều cùng ngày, chương trình nghệ thuật Một thoáng quê hương với nhiều tiết mục đặc sắc, mang âm hưởng dân tộc và đặc biệt với sự tham gia biểu diễn của các nghệ sĩ: NSƯT Hải Phượng, nghệ sĩ sáo trúc Đinh Nhật Minh, nghệ sĩ đàn nhị Thu Thủy, nghệ sĩ violon Mai Anh; nhà sản xuất âm nhạc Khánh – KICM; ca sĩ Quang Linh, Phương Thanh; các người đẹp: Hoa hậu châu Á Việt Nam 2018 Trần Thị Kim Nguyên, Hoa hậu Biển đảo Việt Nam 2022 Đinh Như Phương, Á hậu Miss Universe Việt Nam 2023 Nguyễn Thị Hương Ly, Á hậu Du lịch Việt Nam 2022 Trần Nguyễn Phương Thanh, Á hậu Miss Grand Vietnam 2023 Đặng Hoàng Tâm Như, Người đẹp được yêu thích nhất Miss Grand Vietnam 2023 Nguyễn Thị Thùy Vi; nhóm múa ABC, nghệ sĩ xiếc: Trịnh Thắng – Phương Đông - Nhã Hiếu - Lê Hưng, Trúc Vi.\r\n\r\nChương trình (đạo diễn bởi: TS Phạm Ngọc Hiền, chỉ đạo nghệ thuật: NSƯT Nguyễn Thị Thanh Thúy) đã thu hút hàng vạn lượt khán giả đến tham gia, phần lớn là con em người Việt đang sinh sống tại Nhật Bản.\r\n\r\nVào chiều ngày 12.11, chương trình nghệ thuật Giai điệu quê hương với đầy đủ cung bậc tình cảm đã khép lại những ngày hội văn hóa Việt Nam tại tỉnh Aichi, Nhật Bản.\r\n\r\n	2023-11-15 08:52:47	Đông đảo nghệ sĩ Việt ở các lĩnh vực vừa có chuyển biểu diễn đong đầy cảm xúc tại Lễ hội Việt Nam Aichi, Nhật Bản.	Dấu ấn văn hóa trong Lễ hội Việt Nam – Aichi tại Nhật	5
e16662fd-2e3e-4ff9-96c6-cd16d1a2ecec	1	Ngày 13.11, trao đổi với Thanh Niên, đại diện Công ty TNHH thương mại du lịch quốc tế Cường Lâm (Công ty Cường Lâm) cho biết đơn vị đã có văn bản giải trình gửi đến các cơ quan chức năng của tỉnh Quảng Ninh liên quan đến vụ việc "ngôn từ lạ" xuất hiện tại sự kiện hàng nghìn người Trung Quốc tham dự ở Hạ Long.{img}Cụ thể, Công ty Cường Lâm cho biết, trong ngày 9.11, tại trung tâm hội nghị quốc tế FLC (quần thể nghỉ dưỡng FLC Hạ Long) diễn ra sự kiện giao lưu với tiêu đề "Thế Giới Thú Vị" - Chương trình giao lưu đội quân thép hệ thống Long Nham 2023". Chương trình giao lưu nội bộ khép kín của Công ty TNHH Y học Thái Sinh Thiểm Tây - Khanh Mỹ trong hội trường của quần thể khách sạn FLC Hạ Long và không có khách mời bên ngoài; toàn bộ khách tham dự đều là người Trung Quốc .\r\n\r\nNgoài ra, sự kiện được công ty xây dựng nội dung dựa trên biên bản cuộc họp của các sở ban ngành của tỉnh Quảng Ninh vào ngày 1.11.\r\n\r\nCông ty Cường Lâm cũng cho biết, đơn vị này đã kiểm duyệt nội dung dựa trên sự thẩm tra của các cơ quan chức năng của tỉnh Quảng Ninh.{img}Đáng chú ý, tại sự kiện có sự xuất hiện trên màn hình một số dòng chữ như "Hội Thảo Quân Đoàn Thiết Giáp Việt 2023 - Nam Hệ thống Long Diễm"; Chương Trình Giao Lưu Đội Quân Thép Hệ Thống Long Nham 2023"; "Quân Sắt Tấn Công Bất Khả Chiến Bại"…\r\n\r\nLiên quan đến nội dung này, Công ty Cường Lâm cho biết đã cho kiểm tra, rà soát lại và thấy được sự sai sót giữa việc dịch thuật từ ngôn ngữ Trung Quốc sang Việt Nam. Nội dung dịch thuật sai khiến độc giả, người ngoài khi đọc dễ gây hiểu lầm.\r\n\r\n"Qua sự việc trên chúng tôi nhận thức được việc khiếm khuyết trong khâu tổ chức; dịch thuật ngôn ngữ còn nhiều thiếu sót gây nên sự hiểu lầm cho hệ thống thông tin truyền thông đối với các dòng chữ mà như Báo Thanh Niên đã phản ánh. Công ty chúng tôi xin nhận trách nhiệm về sự vụ việc trên và nghiêm túc rút kinh nghiệm cho những lần tổ chức sau này", đại diện Công ty Cường Lâm cho biết.\r\n\r\nTrước đó, vào ngày 12.11, Báo Thanh Niên đã có bài phản xác minh 'ngôn từ lạ' tại sự kiện hàng nghìn người Trung Quốc tổ chức giao lưu ở Hạ Long.{img}Cụ thể, tại sự kiện nói trên, được Công ty Cường Lâm tổ chức theo hình thức MICE (du lịch kết hợp hội nghị, khen thưởng) cho đoàn khách Trung Quốc tới Quảng Ninh.\r\n\r\nTheo kế hoạch, Công ty Cường Lâm tổ chức cho hơn 5.000 khách du lịch từ Trung Quốc đến Việt Nam tham quan du lịch; trong đó số khách này được chia ra thành nhiều đoàn, mỗi đoàn có khoảng 1.000 - 1.200 khách. Đến nay đã tổ chức được 2 đoàn.\r\n\r\nĐoàn 1 nhập cảnh ngày 4.11, xuất cảnh ngày 8.11; đoàn 2 nhập cảnh ngày 7.11, xuất cảnh ngày 11.11; đoàn 3 nhập cảnh ngày 8.11, xuất cảnh ngày 12.11; đoàn 4 chưa có lịch cụ thể.\r\n\r\nCác đoàn khách trên theo lịch trình nhập cảnh qua cửa khẩu Hữu Nghị (Lạng Sơn) - tham quan Hà Nội, Hạ Long, sau đó xuất cảnh qua cửa khẩu Móng Cái (Quảng Ninh). Khách tham dự sự kiện trên là cán bộ, nhân viên của Công ty TNHH Y học Thái Sinh Thiểm Tây - Khanh Mỹ (Trung Quốc).	2023-11-15 08:54:51	Đơn vị tổ chức sự kiện có tham gia của hàng nghìn người Trung Quốc cho biết 'ngôn từ lạ' xuất hiện là do lỗi dịch thuật gây hiểu lầm.	'Ngôn từ lạ' tại sự kiện hàng nghìn người Trung Quốc ở Hạ Long do lỗi dịch thuật?	5
f415c6ec-03b6-4612-8587-4285f5672697	12	Đội tuyển Việt Nam bước vào vòng loại thứ 2 World Cup 2026, với trận mở màn gặp Philippines trên sân Rizal Memorial vào ngày 16.11. Trong bảng đấu của thầy trò HLV Philippe Troussier, đội tuyển Philippines là đối thủ bị đánh giá thấp nhất. Do đó, 3 điểm trong ngày ra quân là nhiệm vụ quan trọng, để Quế Ngọc Hải cùng đồng đội khởi đầu suôn sẻ.\r\n\r\nTuy nhiên, lịch sử các lần dự vòng loại World Cup trước đây cho thấy, đội tuyển Việt Nam thường khởi đầu không tốt.\r\n\r\nỞ vòng loại thứ 2 World Cup 2022, đội tuyển Việt Nam dù đang ở đỉnh cao nhất dưới thời HLV Park Hang-seo, song chỉ có 1 điểm trước Thái Lan (hòa 0-0) trong cuộc so tài mở màn ở Thammasat.{img}Đó là trận đấu mà đội tuyển Việt Nam chơi không ấn tượng, thậm chí may mắn thoát thua khi thủ môn Văn Lâm phải lăn xả ngăn cản tình huống ăn bàn mười mươi của Supachok Sarachat ở phút cuối.\r\n\r\nỞ vòng loại thứ 2 World Cup 2018, đội tuyển Việt Nam cũng đấu Thái Lan trên sân khách. Dù chơi phòng ngự rất nỗ lực, nhưng đội bóng do HLV Toshiya Miura dẫn dắt thua chung cuộc 0-1, phải rời sân với chỉ 10 người sau tấm thẻ đỏ của Nguyễn Minh Châu.\r\n\r\nVòng loại World Cup 2014 là lần gần nhất, đội tuyển Việt Nam thắng ở trận mở màn. Tuy nhiên, đây lại là chiến thắng trước đối thủ yếu Macau ở vòng loại 1 với tỷ số 6-0. Sau đó đội bóng được huấn luyện bởi ông Falko Goetz thắng tiếp trận lượt về với tỷ số 7-1 để lọt vào vòng loại 2. Song sau đó đội tuyển Việt Nam đã dừng bước với thất bại 2-4 trước Qatar.\r\n\r\nỞ vòng loại World Cup 2010, đội tuyển Việt Nam cũng phải tham dự từ vòng loại 1. Tại đây, thầy trò ông Henrique Calisto thua UAE 0-1 trên sân nhà ở trận lượt đi, rồi thua tiếp 0-5 khi tái đấu tại trận lượt về.\r\n\r\nTại vòng loại World Cup 2006, đội tuyển Việt Nam góp mặt từ vòng loại thứ 2, nằm cùng bảng Hàn Quốc, Li Băng và Maldives. Trong trận mở màn, Việt Nam xuất sắc thắng 4-0 trước Maldives. Nhưng ở 5 trận còn lại, các cầu thủ chỉ giành thêm 1 điểm và bị loại.\r\n\r\nTính từ vòng loại World Cup 2006 đến nay, đội tuyển Việt Nam thắng 2, hòa 1, thua 2 trong trận mở đầu, tuy nhiên 2 trận thắng đều diễn ra trước đối thủ yếu trên sân nhà. {img}Dù đội tuyển Philippines, đối thủ đầu tiên của thầy trò HLV Troussier ở vòng loại thứ 2 World Cup 2026 đã sa sút, nhưng đây vẫn là chướng ngại không dễ vượt qua.\r\n\r\nĐiểm tựa của đội tuyển Việt Nam là khi thi đấu xa nhà ở vòng loại World Cup, các cầu thủ có thành tích khả quan. Ở vòng loại thứ 2 World Cup 2022, học trò của HLV Park Hang-seo thắng 3, hòa 1, thua 1 trong 5 trận đấu trên sân khách hoặc sân trung lập. Tại vòng loại thứ 2 World Cup 2018, thành tích của đội là thắng 1, thua 2.\r\n\r\n5 năm qua, đội tuyển Việt Nam đã trưởng thành đáng kể về bản lĩnh thi đấu. Dưới thời HLV Park Hang-seo, toàn đội chỉ thua 2 trận trước các đội Đông Nam Á, đều là trước Thái Lan (ở bán kết AFF Cup 2020 và chung kết AFF Cup 2022). Còn lại ở các trận gặp Malaysia, Indonesia, Myanmar hay chính Philippines, các cầu thủ luôn biết cách giải quyết trận đấu.\r\n\r\nDù vậy, mặt sân nhân tạo với những đặc trưng về độ mềm của cỏ, độ nảy, tốc độ lăn của bóng là thử thách đội tuyển Việt Nam phải tính toán kỹ lưỡng để hóa giải. Ở trận gần nhất gặp một đội Đông Nam Á trên sân cỏ nhân tạo (gặp Singapore ở vòng bảng AFF Cup 2022), Hoàng Đức cùng đồng đội chỉ ra về với 1 điểm.\r\n\r\nĐể chuẩn bị cho trận gặp Philippines, HLV Troussier đã cho học trò tập một số buổi trên mặt cỏ nhân tạo ở Trung tâm đào tạo bóng đá trẻ Việt Nam. Toàn đội cũng đến Philippines từ rất sớm (ngày 13.11), dự kiến có 3 ngày tập luyện, thích nghi với điều kiện thi đấu ở sân đối thủ.	2023-11-15 08:57:17	Ba lần gần nhất dự vòng loại thứ 2 World Cup, đội tuyển Việt Nam có thành tích không ấn tượng.	Đội tuyển Việt Nam thường khởi đầu thế nào ở vòng loại World Cup?	1
36f9e024-7e95-449f-b3d3-023fb2330b92	2	Đằng sau là câu chuyện thú vị về kỳ vọng của người ba dành cho họ.\r\n\r\nCâu chuyện về một gia đình có 3 trong 4 người con có những cái tên độc nhất vô nhị gồm: Tô Yô Ta (33 tuổi), Tô Cô Rô Na (32 tuổi) và Tô Sô Ny (24 tuổi) khiến nhiều người tò mò về ý nghĩa đằng sau những cái tên này.\r\n\r\nMong con sung túc, giỏi giang\r\nChia sẻ với Thanh Niên, anh Ta cho biết, hồi trước ba anh làm nghề sửa xe. Vì muốn con cái có cuộc sống sau này sung túc, giỏi giang nên ông quyết định đặt tên con giống tên các kĩ sư của hãng xe Nhật Bản. Ông mong tương lai các con tươi sáng, không phải vất vả như mình.\r\n\r\n"Thời đi học, vì có tên lạ tôi thường được thầy cô, bạn bè chú ý. Có lần, khi tên Tô Yô Ta được xướng lên, cả trường ai đều ngạc nhiên và dồn sự chú ý về tôi", anh Ta kể lại.{img}Với cái tên đặc biệt, anh Ta cũng gặp đôi chút khó khăn khi làm giấy tờ. Khi đi làm giấy CMND, anh phải làm lại hai lần vì sai tên vì cán bộ đánh máy gõ nhầm thành Tô Yo Ta. Trong bộ gõ tiếng Việt, chữ "Y" và chữ "Ô" không thể viết liền nhau mà phải viết tách ra sau đó xóa dấu cách ở giữa. Sau lần nhầm lẫn đó, khi đi làm bất kỳ giấy tờ quan trọng, anh đều nói trước với họ để tránh sai lệch.{img}Dù gặp tình huống "dở khóc, dở cười" nhưng anh Ta khẳng định không thấy phiền và chưa từng có ý định đổi tên. Ngược lại, khi sở hữu tên khác biệt, anh vẫn được mọi người nhớ đến, ấn tượng bởi cái tên này. \r\n\r\nSau này, đó cũng là điểm nhấn, hỗ trợ anh trong việc làm truyền thông, sáng tạo nội dung trên mạng xã hội.{img}Anh Ta có 3 người em. Em gái thứ hai tên là Tô Cô Rô Na (cái tên lấy ý tưởng từ dòng xe ô tô Toyota Corona). Lúc sinh em gái thứ ba, ba anh bị bệnh nặng nên không thể đặt tên cho con. Mẹ là người đặt tên cho người em gái đó, tên là Tô Kiều Mi. \r\n\r\nĐến lượt em trai út, ba anh khỏe lại nên đặt theo hãng điện tử Nhật Bản – Tô Sô Ny.\r\n\r\nChị Tô Cô Rô Na chia sẻ, tương tự như anh và em, chị cũng đôi lần gặp rắc rối khi làm giấy tờ. Chưa kể, nhiều người có hỏi chị có biết tiếng Việt không vì nghĩ chị là người nước ngoài. Sau này, cái tên của chị khiến nhiều người liên tưởng tới dịch Covid-19 thay vì dòng xe ô tô như ý nghĩa ban đầu. \r\n\r\nÁm ảnh mùa dịch kinh hoàng, chị quyết định đổi tên trên Facebook, Zalo thành An Na (An trong từ An Khê, Gia Lai – quê chị và Na là tên chị).\r\n\r\nAnh biết ơn vì bản thân đã có khoảng thời gian làm việc, học hỏi ở hãng xe Toyota trước khi kinh doanh riêng, đào tạo phát triển nhân lực ngành ô tô như hiện tại.\r\n\r\nTheo anh Ta, cái tên cũng chỉ là một cái danh xưng để phân biệt người này với người khác. Vì vậy nếu tên có khác lạ quá cũng không có gì đáng để tự ti, xấu hổ.\r\n\r\n"Cuộc sống của tôi vẫn diễn ra bình thường, trong công việc phải cố gắng vươn lên bằng thực lực chứ không phải vì cái tên lạ mà mọi thứ diễn ra suôn sẻ", người đàn ông nói.\r\n\r\nAnh Ta đã kết hôn và có hai con gái. Lúc đầu anh cũng có ý định đặt tên lạ cho con là Tô Shi Ba và Tô Sanyo. Tuy nhiên, bà xã không đồng ý và mong con sau này thuận lợi mọi bề, anh để vợ đặt tên bình thường cho hai công chúa.	2023-11-15 09:00:22	Gia đình anh Tô Yô Ta có 3 người sở hữu những cái tên độc, lạ: Tô Yô Ta, Tô Cô Rô Na và Tô Sô Ny. Dù gặp những tình huống dở khóc, dở cười trong cuộc sống nhưng họ chưa bao giờ có ý định đổi tên.	Người cha đặt tên các con Tô Yô Ta, Tô Sô Ny: Mong thầy cô chú ý để con thành tài	4
8b19dece-6adb-4919-8474-655d8e420b5d	11	Tại miền Bắc, mức giảm 1.000 đồng được ghi nhận ở Yên Bái, Thái Nguyên và Phú Thọ cùng về mức 49.000 đồng/kg. Các địa phương còn lại duy trì giá heo hơi từ 49.000 - 50.000 đồng/kg. Đáng chú ý, Công ty C.P Việt Nam cũng giảm giá bán heo ở thị trường miền Bắc về mức 50.500 đồng/kg.{img}Ở khu vực miền Trung và Tây nguyên cũng giảm 1.000 đồng tại Nghệ An xuống còn 48.000 đồng/kg, thấp nhất cả nước. Các địa phương như: Khánh Hòa, Lâm Đồng và Bình Thuận cũng giảm 1.000 - 2.000 đồng về mức 49.000 - 52.000 đồng/kg. Giá heo hơi phổ biến ở các tỉnh còn lại từ 49.000 - 50.000 đồng/kg.\r\n\r\nNhiều địa phương ở phía nam cùng giảm 1.000 đồng như TP.HCM, Tây Ninh, Vĩnh Long, Cần Thơ, Hậu Giang, Sóc Trăng và Bến Tre về mức 50.000 - 52.000 đồng/kg. Giá heo hơi phổ biến ở các tỉnh miền Nam từ 51.000 - 53.000 đồng/kg, riêng Cà Mau vẫn giữ được mốc 55.000 đồng/kg, cao nhất cả nước.\r\n\r\nGiá heo hơi bình quân cả nước xuống còn 50.900 đồng/kg, Công ty C.P Việt Nam cũng điều chỉnh giá bán heo hơi ở miền Nam xuống còn 52.000 đồng/kg. Xu hướng giảm giá cũng được ghi nhận tại trường Trung Quốc, hiện còn 49.000 đồng/kg.\r\n\r\nTại TP.HCM, lượng heo về nhà máy vẫn duy trì khoảng 5.800/ngày, trong đó heo trọng lượng nhỏ chiếm tỷ lệ đến 20% do dịch bệnh vẫn chưa được kiểm soát tốt nên nhiều hộ chăn nuôi tranh thủ xuất chuồng sớm cắt lỗ. Chợ đầu mối Hóc Môn, giá heo mảnh đầu chợ đạt mức cao nhất 67.000 đồng/kg, đến cuối chợ chỉ còn khoảng 55.000 - 56.000 đồng/kg. Giá thịt heo ở các hệ thống phân phối và chợ truyền thống cụ thể: thịt ba rọi 103.000 đồng/kg, sườn non từ 135.000 đồng/kg, sườn già 90.000 đồng/kg, nạc vai và đùi khoảng 95.000 đồng/kg, chân giò rút xương 98.000 đồng/kg…	2023-11-15 09:01:36	Xu hướng giảm giá heo hơi tiếp tục kéo dài trên khắp cả nước do dịch bệnh vẫn chưa được kiểm soát. Không chỉ thị trường tự do mà giá heo của các công ty lớn cũng về sát mốc 50.000 đồng/kg.	Giá heo hơi hôm nay 14.11.2023: Vì sao chưa thể đảo chiều?	2
75d26ba6-cdae-4f85-8eb8-8aef027430b9	11	{img}Giá heo hơi hôm nay tại miền Bắc không ghi nhận thay đổi mới trong ngày đầu tuần. Hiện tại, các tỉnh Lào Cai, Thái Nguyên, Vĩnh Phúc, Ninh Bình và Tuyên Quang đang neo tại mức 49.000 đồng/kg. Heo hơi tại các tỉnh thành còn lại trong khu vực được giao dịch với giá 50.000 đồng/kg. Thông thường, ở quý cuối năm là thời gian giao dịch sôi động nhất nhưng tới thời điểm hiện tại, giá heo hơi chưa mấy khả quan và biến động liên tục, người dân cũng chưa dám mạnh tay đầu tư trong chăn nuôi.\r\n\r\nTheo ghi nhận, giá heo hơi ở khu vực miền Trung - Tây nguyên cũng đồng loạt đi ngang trên diện rộng. Mức thấp nhất khu vực là 49.000 đồng/kg, ghi nhận tại Thanh Hóa, Nghệ An và Hà Tĩnh. Trong khi đó, hai tỉnh Lâm Đồng và Bình Thuận đang neo ở ngưỡng cao nhất là 53.000 đồng/kg. Nhìn chung, giá heo hơi ở khu vực miền Trung - Tây nguyên đang giao dịch trong khoảng 49.000 - 53.000 đồng/kg.\r\n\r\nỞ khu vực phía nam, thị trường cũng chưa có sự biến động, giá heo hơi tạm thời ngừng rơi và giữ mức giao dịch không đổi so với ngày hôm qua. Heo hơi tại Cà Mau đang được thu mua với giá 55.000 đồng/kg, cao nhất khu vực. 51.000 đồng/kg là giá heo hơi thấp nhất tại tỉnh Bến Tre. Giá heo hơi ở khu vực miền Nam hôm nay dao động trong khoảng 51.000 - 55.000 đồng/kg.\r\n\r\nTrước diễn biến dịch bệnh trên heo đang xảy ra tại nhiều vùng trên cả nước, một số nơi đã ban hành quy định người chăn nuôi, người giết mổ, cơ sở giết mổ, hộ kinh doanh buôn bán thịt heo phải áp dụng nghiêm biện pháp "5 không": Không giấu dịch, không mua bán, vận chuyển heo chết, không giết mổ, tiêu thụ heo bệnh, thịt heo chết, không vứt heo chết ra ngoài môi trường, không sử dụng thức ăn dư thừa nuôi heo mà không qua xử lý nhiệt.	2023-11-15 09:03:34	Giá heo hơi bình quân trên cả nước đang ở mức 51.200 đồng/kg, đà giảm đang tạm thời ngừng lại trong ngày đầu tuần chờ diễn biến mới.	Giá heo hơi hôm nay 13.11.2023: Đà rơi chững lại	3
0e05d35b-66e7-41f4-b45d-177ad04c78e3	3	{img}Clip gây phẫn nộ cộng đồng mạng Campuchia lẫn Việt Nam\r\nMới đây, tài khoản TikTok tên Hứa Quốc Anh gây xôn xao cộng đồng mạng Việt Nam lẫn Campuchia khi đăng tải clip tham quan đền Angkor Wat (Campuchia). Trong đoạn video này, một cô gái mặc trang phục, phụ kiện kiểu truyền thống với màu hồng nổi bật (không phải trang phục truyền thống của Campuchia) đi quanh khu đền nổi tiếng này tham quan.\r\n\r\nSự việc gây phẫn nộ đỉnh điểm bởi TikToker nổi tiếng này đã lồng ghép phần nhạc có câu: "Hello Thailand" kèm hình ảnh quốc vương, quốc kỳ Thái Lan. Khi được một khán giả góp ý đền AngKor Wat là của Campuchia nên ghép nhạc nước này vào sẽ phù hợp hơn, Hứa Quốc Anh thẳng thừng đáp lại rằng mình không thích Campuchia. Điều này khiến nhiều người Campuchia phẫn nộ và liên tục để lại hàng loạt bình luận, bài viết chỉ trích hành động thiếu suy nghĩ của Hứa Quốc Anh, cho rằng người này đã xúc phạm đến đất nước họ.\r\n\r\nNhiều tài khoản từ Campuchia bày tỏ sự giận dữ: "Bạn muốn gì khi đăng tải video này? Xin hãy tôn trọng đất nước của tôi. Angkor Wat là của Campuchia. Điều này không buồn cười chút nào", "Bạn quay video mặc trang phục khác lạ, lồng nhạc và hình ảnh Thái Lan khi đang quay ở AngKor Wat của Campuchia. Bạn nghĩ gì mà làm vậy?", "Bạn cắt ghép như vậy là không đúng! Những người không biết họ sẽ nghĩ AngKor Wat là của Thái Lan thì sao?"…\r\n\r\nKhông chỉ có dân mạng Campuchia, cộng đồng mạng Việt Nam cũng kịch liệt lên án hành động của Hứa Quốc Anh và để lại những bình luận gay gắt. Nhiều người cho rằng TikToker này cố tình câu view, thu hút sự chú ý bất chấp việc đụng chạm đến vấn đề nhạy cảm. Hành động này bị xem là không tôn trọng văn hóa, di sản và chủ quyền của Campuchia đồng thời gây chia rẽ mối quan hệ của người dân các nước láng giềng. Đa phần khán giả đều kêu gọi báo cáo tài khoản của người này đồng thời ra sức tẩy chay nội dung độc hại tương tự và mong cơ quan chức năng nhập cuộc để xử lý nghiêm những hành động sai trái này.\r\n\r\nTrên mạng xã hội, một nhà thiết kế trẻ nổi tiếng gọi đây là hành động đáng xấu hổ và lên án: "Trục lợi văn hóa một cách vô văn hóa, báng bổ văn hóa dân tộc láng giềng để kiếm tiền cho bản thân là một hành động vô nhân!". Trong một bài đăng khác, anh nêu quan điểm: "Tín ngưỡng, văn hóa, lịch sử là những điều không thể đùa giỡn. Bạn đang chiếm dụng văn hóa núp bóng danh nghĩa làm công việc 'sáng tạo' để lấy tiền những kẻ dư tiền thiếu hiểu biết. Bạn làm gì cũng được, bạn kinh doanh gì cũng được, nhưng yêu cầu bạn không làm khùng làm điên và coi thường về lịch sử, văn hóa".\r\n\r\nPhía Angkor Wat lên tiếng\r\nHôm 13.11, trang Khmer Times (Campuchia) đưa tin rằng Apsara - cơ quan chịu trách nhiệm bảo vệ, quản lý quần thể di tích Angkor, đã đưa ra tuyên bố về những hình ảnh và video gần đây được quay tại Angkor Wat. Đính kèm trong bản tin này là những hình ảnh được cắt từ video gây tranh cãi từ phía Hứa Quốc Anh. Theo thông tin được đăng tải, Apsara cho biết gần đây đã những chia sẻ trên mạng xã hội về đoạn video ngắn quay tại Angkor Wat, kèm theo âm nhạc và các hình ảnh được cắt ghép "nhằm phá hoại di sản và văn hóa phong phú của Campuchia".\r\n\r\nTheo thông tin được công bố, vào ngày 23.10, phía Apsara đã cấm một số du khách nước ngoài có ý định quay video với trang phục, phụ kiện không phù hợp. Họ cũng tiến hành kiểm tra và yêu cầu xóa một số hình ảnh. Tuy nhiên, các thành viên trong nhóm đã sử dụng điện thoại di động quay video và có thể cất giấu, sử dụng một số hình ảnh cả trong và ngoài đền để sử dụng vào mục đích bất chính. Cơ quan này đã yêu cầu TikTok ngăn chặn việc phát tán video liên quan và kêu gọi công chúng ngừng chia sẻ những nội dung này vì gây ra tác động tiêu cực. Cơ quan quản lý kể trên cũng xin lỗi về những thiếu sót vừa qua và cam kết sẽ tăng cường công tác quản lý, bảo vệ hình ảnh Angkor trong tương lai.	2023-11-15 09:06:06	Những ngày qua, TikToker Hứa Quốc Anh bị chỉ trích dữ dội trên mạng xã hội khi đăng video tham quan đền Angkor Wat (Campuchia) nhưng lồng ghép hình ảnh liên quan đến Thái Lan. Vụ việc khiến kênh TikTok hơn 700.000 người theo dõi của người này "bốc hơi".	TikToker Việt Nam gây phẫn nộ vì clip câu view bằng hình ảnh Angkor Wat	4
fc0f69f8-6ffd-4fb9-aae9-5d00fe8089cf	12	Bài toán sáng tạo\r\nBước tiến của đội tuyển VN trong 5 năm dưới thời HLV Park Hang-seo có đóng góp quan trọng của tiền vệ Nguyễn Quang Hải. Cầu thủ sinh năm 1997 chơi 53 trận cho đội tuyển quốc gia, ghi 10 bàn thắng, mà phần lớn trong số này là những khoảnh khắc đặc biệt. Đó là pha đánh đầu hiểm hóc giúp đội tuyển VN hạ Campuchia với tỷ số nghẹt thở 2-1 ở vòng loại Asian Cup 2019, tình huống vặn người chuyền bóng điệu nghệ để Anh Đức ghi bàn ấn định chiến thắng tại chung kết AFF Cup 2018, hay pha ngả người vô lê đẹp mắt, mang về bàn thắng giúp đội tuyển VN thắng tối thiểu trước Malaysia ở vòng loại World Cup 2022.{img}Những khoảnh khắc đẹp cho thấy Quang Hải là người được lựa chọn mở những nút thắt của đội tuyển VN, và cũng phản ánh vai trò của tiền vệ 26 tuổi. Quang Hải không được giao nhiệm vụ cụ thể là ghi bàn, kiến tạo hay dẫn dắt lối chơi, mà trong màu áo đội tuyển quốc gia lẫn CLB, cầu thủ mang áo số 19 được di chuyển tự do để kết nối các tuyến, hỗ trợ triển khai bóng, đồng thời "săn tìm" khoảng trống trước vòng cấm để tạo khác biệt. Những pha chạy chỗ khôn ngoan và xử lý tinh quái không theo quy luật của Quang Hải là "mũi kim" được sử dụng nhằm phá vỡ hệ thống đối thủ. Dù đá phòng ngự rình rập hay kiểm soát bóng, đội tuyển VN luôn cần một "đầu não" sáng tạo như vậy trên sân.\r\n\r\nSau 3 trận đầu trong màu áo đội tuyển VN dù chưa hẳn lấy lại phong độ, Quang Hải vắng mặt cả 3 trận giao hữu tháng 10. Vấn đề của đội tuyển VN cũng lộ ra, đặc biệt ở trận gặp đội Trung Quốc. Cầm bóng 63%, có hơn 600 đường chuyền, nhưng các học trò ông Philippe Troussier chỉ tạo ra 9 pha dứt điểm. Con số trung bình cần tới 67 đường chuyền mới tạo ra 1 cơ hội phản ánh sự bế tắc. Khi tiền vệ chơi tương đối an toàn, chủ yếu chuyền ngang và chuyền về, thì nỗi nhớ về một cầu thủ dám chuyền mạo hiểm (rủi ro mất bóng cao, nhưng nếu thành công sẽ tạo ra cơ hội ăn bàn) như Quang Hải càng lớn.\r\n\r\nThử thách cho ông Troussier\r\nVai trò sáng tạo Quang Hải để lại nhiều khả năng được "san đều" cho Hùng Dũng, Hoàng Đức và Tuấn Anh. Trong 3 tiền vệ giỏi nhất của bóng đá VN hiện tại, 2 cầu thủ sẽ được giao cầm nhịp và cái tên còn lại sẽ được đẩy cao chơi gần hơn với vòng cấm để tạo bất ngờ. Hùng Dũng là lựa chọn sáng giá, khi tiền vệ 30 tuổi có khả năng lên công về thủ tốt, phối hợp nhanh và nhạy bén với khoảng trống. Hoàng Đức cũng là lựa chọn tiềm năng với những pha xoay bóng mang tính đột biến cao. Thậm chí, Văn Quyết cũng có khả năng bùng nổ nếu sử dụng đúng thời điểm.\r\n\r\nTrong những buổi tập gần nhất, HLV Troussier yêu cầu học trò tăng cường nhịp độ chuyền bóng và liên tục quan sát tìm khoảng trống để thuận lợi trong bước xử lý tiếp theo. Chiến lược gia người Pháp một mặt muốn đội tuyển VN kiểm soát bóng chặt chẽ và bài vở. Nhưng một mặt, ông cần tạo ra bệ phóng để thôi thúc tư duy chơi bóng đột phá của học trò. Đội tuyển VN không thể trở thành cỗ máy đếm nhịp chuyền bóng đều đều, mà cần những "cú đấm" giàu sức nặng từ những khối óc nhạy bén. Đó là chất sáng tạo cần có để học trò ông Troussier giải quyết những đối thủ phòng ngự lăn xả như đội Philippines trước mắt. Không có Quang Hải, nhưng nếu tận dụng tốt "chất liệu" từ những cầu thủ còn lại, HLV Troussier vẫn có thể xây dựng đội tuyển VN biến hóa và khó lường.	2023-11-15 09:07:22	Lần đầu tiên sau 5 năm, đội tuyển Việt Nam (VN) sẽ bước vào một giải đấu chính thức mà không có Quang Hải trong đội hình.	HLV Troussier giải quyết bài toán vắng Quang Hải ra sao?	5
c821cb7f-828a-4938-a31b-55aeebb2dfa6	1	Tối 12.11, trao đổi với Thanh Niên, ông Hoàng Văn Khanh, Chủ tịch xã Đức Long cho biết, chính quyền địa phương vừa phối hợp cùng người dân, lực lượng công an, kiểm lâm bắt thêm 1 con chuột túi xuất hiện trên địa bàn xã.{img}"Con chuột túi này bị bắt hôm qua, nó có kích thước, hình dáng giống hệt với 3 con chuột túi bị bắt trước đó", ông Khanh nói.\r\n\r\nTheo ông Khanh, Hạt Kiểm lâm H.Thạch An đang nuôi nhốt và làm theo quy định trước khi được Trung tâm Cứu hộ, bảo tồn và phát triển sinh vật Hoàng Liên (tỉnh Lào Cai) đến nhận chăm sóc.\r\n\r\nTrước đó, trong 2 ngày 8 - 9.11, người dân trên địa bàn xã Đức Long phát hiện 3 con chuột túi nên đã thông báo cho lực lượng chức năng để phối hợp, vây bắt.\r\n\r\nÔng Nguyễn Hữu Thiện, Phó cục trưởng Cục Kiểm lâm (Bộ NN-PTNT) cho biết, qua báo cáo nhanh của Chi cục Kiểm lâm tỉnh Cao Bằng, 3 con chuột túi là của các đối tượng buôn lậu trên đường vận chuyển qua biên giới bị kiểm lâm phát hiện thì bỏ trốn và bỏ lại.\r\n\r\n"Về cơ bản, 3 con vật này giống hình chuột túi, loài vật bản địa của Úc. Phía Chi cục Kiểm lâm tỉnh Cao Bằng đang đề nghị cơ quan chức năng giám định xem đây chính xác là loài vật gì, xuất xứ ở đâu, xem có phải là ngoại lai, xâm hại hay không", ông Thiện nói.\r\n\r\nBà Hoàng Thị Duyên, Chi cục trưởng Chi cục Kiểm lâm tỉnh Cao Bằng cho biết, hằng ngày, đơn vị cho 3 con chuột túi này ăn cỏ. Hiện, chúng ăn uống tốt, sức khỏe ổn định.	2023-11-15 09:08:52	Theo lãnh đạo UBND xã Đức Long (H.Thạch An, Cao Bằng), ngày 11.11, địa phương này vừa phát hiện thêm 1 con chuột túi xuất hiện.	Thêm 1 con chuột túi bị bắt tại tỉnh Cao Bằng	1
9fdb576a-9c4b-4183-b27e-0501e2e24616	3	Phim Chúng ta phải hạnh phúc tập 3 tối qua tiếp tục những tình tiết cho thấy Tam lận đận đi xin việc nhiều nơi nhưng người ta kỳ thị anh là kẻ mới ra tù nên không thể xin được việc làm. Hòa "già làng" của nhóm Chuối hột an ủi Tam và gợi ý anh về làm cho quán cà phê của mình hoặc đến viện dưỡng lão của Nguyệt nhưng Tam không muốn nhờ vả bạn bè. Vậy là Hòa năn nỉ Tam nhận chiếc xe cổ của mình để mưu sinh, có thể chạy xe ôm. Tam không từ chối vì chiếc xe này từng gắn bó nhiều kỷ niệm với Tam vì lúc trước Tam từng mượn chạy rồi đem cầm cố vì kẹt tiền…{img}Một vài cảnh trong tập phim này cho thấy bà chủ nhà trọ đến tận nhà lôi vợ của Bình ra mắng vốn vì thiếu tiền nhà chưa trả. Vợ Bình năn nỉ bà cho khất đến tối. Sau khi bà chủ trọ đi, Bình nhận cuộc gọi của vợ. Lúc này, Bình đang chán đời ngồi cà phê cóc viết kịch bản phim và ca cải lương suýt bị gã đàn ông trong quán kiếm chuyện vì cho rằng đang buồn tình thì gặp phải Bình ca hát thê lương…\r\n\r\nPhim Chúng ta phải hạnh phúc tập 4 tối nay 14.11 lúc 21 giờ trên VTV1 tiếp tục những diễn biến cho thấy mẹ chồng phàn nàn với chồng Nguyệt và dọa sẽ đuổi con dâu ra khỏi nhà vì bà nói một tiếng, con dâu cãi lại hai tiếng.{img}Trong một cảnh khác của phim cũng hé lộ nỗi khổ của Hòa "già làng". Vợ chồng Hòa rất tâm đầu ý hợp nhưng lại chưa sinh được con nên bố của Hòa gọi điện hối thúc vì muốn có cháu nối dõi… Hòa phải an ủi bố rằng vợ chồng đang điều trị hiếm muộn và hứa sẽ sinh cho bố một đứa cháu.{img}Phim Chúng ta phải hạnh phúc tập 4 còn có cảnh Kiệt dẫn đàn em đến nhà trọ tìm Tam. Kiệt muốn cứu vớt đời Tam vì biết rõ Tam bị kỳ thị không xin được việc. Kiệt muốn Tam "đầu quân" cho mình.\r\n\r\nPhim Chúng ta phải hạnh phúc tập 4: Tam có về "đầu quân" cho Kiệt vì đường cùng không?	2023-11-15 09:12:36	Phim 'Chúng ta phải hạnh phúc' tập 4: Hòa 'già làng' bị bố hối thúc chuyện có con; Kiệt đến tận nhà trọ tìm Tam; Nguyệt bị mẹ chồng dọa đuổi khỏi nhà.	Phim ‘Chúng ta phải hạnh phúc’ tập 4: Tam có ‘đầu quân’ cho Kiệt?	1
722959b2-74ae-4637-911c-758a5eddb654	2	Câu chuyện về người mẹ đơn thân này khiến nhiều người vừa ngưỡng mộ, vừa cảm phục nghị lực phi thường của chị.{img}Đi qua bóng tối\r\nLẽ ra, chị Hải đã có một cuộc sống bình thường như bao người khác. Nhưng tai nạn năm 2006 gây chấn thương cột sống đã khiến cho cô nữ sinh lớp 11 ngập tràn ước mơ và hoài bão vĩnh viễn không thể đi lại được, phải gắn cả đời với chiếc xe lăn.\r\n\r\nNhớ lại những ngày nằm viện, chị cho biết không thể tưởng tượng được tai nạn sẽ mãi mãi thay đổi cuộc đời của chị. "Lúc đó, mình tạm gác việc học để tập trung chữa trị. Ban đầu, mình nghĩ không đi lại được cũng là điều bình thường sau tai nạn, dần dần tập vật lý trị liệu sẽ hồi phục. Nhưng 1 năm sau, dù gia đình đã cố gắng hết sức để chạy chữa mà vẫn không có tiến triển gì", chị kể.\r\n\r\nBiết cơ hội hồi phục đôi chân mình dường như bằng 0, chị sống trong nỗi tự ti và mặc cảm. Suốt hơn 6 năm trời, chị "ru rú" trong nhà, chỉ tiếp xúc với người thân vì chưa thể vượt qua nỗi đau quá lớn.\r\n\r\nThời điểm đó, ngay cả những sinh hoạt thường nhật, chị cũng phải hoàn toàn phụ thuộc vào ba mẹ và 3 người em. Với cô thiếu nữ, đó là những ngày tăm tối và đau đớn nhất trong cuộc đời mà bản thân người trong cuộc nghĩ rằng sẽ không có điểm dừng.{img}Cho tới năm 2012, khi em gái chị bắt đầu lên Hà Nội tiếp tục việc học, chị cũng quyết định đến thủ đô, tham gia sinh hoạt trong một trung tâm dành cho người khuyết tật. Ở đây, chị được hướng dẫn các kỹ năng sống, sinh hoạt hằng ngày, được hướng nghiệp phù hợp với thể trạng và được làm quen với những người đồng cảnh.\r\n\r\n"Có những người bạn ở trung tâm khuyết tật nặng hơn tôi. Lúc đó, tôi mới nhận ra mình còn may mắn hơn nhiều người. Chính nhờ làm quen và mở rộng kết nối, tôi bắt đầu mở lòng mình và đón nhận cuộc sống", chị tâm sự. Đó là thời điểm đánh dấu bước ngoặt, giúp chị mạnh mẽ bước ra khỏi bóng tối của cuộc đời.\r\n\r\nĐộng lực lớn nhất là con trai\r\nNăm 2014, chị gặp được người yêu, nhưng tình cảm và bản lĩnh không đủ lớn nên chị... không dám tiến tới hôn nhân. Khi biết mình có em bé, chị quyết định sinh con, làm mẹ đơn thân. May mắn, hành trình đó của chị nhận được sự ủng hộ và đồng hành của gia đình.\r\n\r\nNgày con cất tiếng khóc chào đời là ngày hạnh phúc nhất của chị Hải. Chị biết rằng, từ đây chị sẽ không ngừng nỗ lực để có thể chăm lo cho cuộc sống của 2 mẹ con.\r\n\r\n"Bố mẹ tôi làm nông, hoàn cảnh kinh tế gia đình không khá giả. Sau bao nhiêu năm tìm cách chạy chữa cho tôi, cũng như nuôi các em tôi học đại học, kinh tế gia đã khánh kiệt. Tôi tìm cách kinh doanh, buôn bán để có thêm thu nhập nuôi con", chị cho biết.\r\n\r\nChị Đặng Thị Vân (29 tuổi), em chị Hải, cho biết chị gái mình là một người chị, người mẹ tuyệt vời. Chứng kiến hành trình vươn lên của chị Hải từ những ngày bị tai nạn cho tới những nỗ lực trong công việc để có cuộc sống hiện tại, chị Vân vô cùng ngưỡng mộ và yêu thương.\r\n\r\nSau bao nhiêu cố gắng và nỗ lực, chị Hải có một cuộc sống ổn định, hạnh phúc và hài lòng. Con trai chị, bé Đặng Hoàng Gia Bảo (8 tuổi), năm nay học lớp 3 và là niềm tự hào của chị.\r\n\r\nNgười mẹ cho biết con trai mình là một cậu bé thông minh, sống tình cảm và yêu thương mẹ. Biết mẹ không đi lại được nên Gia Bảo từ nhỏ đã rất tự lập, tự giác phụ giúp và chăm sóc mẹ. Chính con trai là động lực để chị không ngừng làm việc mỗi ngày trên chiếc xe lăn của mình từ sáng đến tận tối muộn, để phụng dưỡng cha mẹ và mang đến một tương lai tươi sáng cho con. 	2023-11-15 09:16:57	Dù phải gắn liền với chiếc xe lăn, nhưng chị Đặng Thị Hải (33 tuổi, ngụ H.Trực Ninh, Nam Định) không ngừng lạc quan, vươn lên mỗi ngày để con trai có một tương lai tươi sáng hơn.	Mẹ đơn thân ngồi xe lăn không ngừng nỗ lực vì con	2
1b3be062-ac54-4d83-a866-e8e3c93300b8	9	"Chế độ ăn uống đóng vai trò quan trọng trong nỗ lực có được cơ bụng rõ nét vì nó ảnh hưởng đến tỷ lệ mỡ trong cơ thể", chuyên trang dinh dưỡng và sức khỏe Eat This, Not That! dẫn lời chuyên gia dinh dưỡng người Mỹ Trista Best.\r\n\r\nĐể có cơ bụng rõ nét, mọi người phải giảm lượng mỡ trong cơ thể đồng thời phát triển và duy trì khối lượng cơ bụng. Các loại thực phẩm tốt nhất giúp cơ bụng săn chắc và rõ nét gồm:\r\n\r\nỨc gà\r\nKhi phát triển cơ bắp, dù là cơ bụng hay các khối cơ khác, thì thịt nạc giàu protein là món không thể thiếu. Mỗi 100 gram ức gà có khoảng 23 gram protein. Nhờ lượng protein dồi dào và ít mỡ, ức gà giúp phục hồi và phát triển các khối cơ rất tốt, trong đó có cơ bụng.\r\n\r\nCá hồi{img}Cá hồi là món ăn cực tốt nhờ hàm lượng cao protein và axit béo omega-3. Nhiều bằng chứng nghiên cứu cho thấy axit béo omega-3 trong cá hồi giúp giảm viêm, thúc đẩy giảm cân, tăng cường trao đổi chất và giúp no lâu. Tất cả lợi ích này giúp người tập giảm mỡ và hình thành cơ bụng rõ nét hơn.\r\n\r\nTrứng{img}Trứng là một trong những loại thực phẩm bổ dưỡng, rẻ tiền và dễ tiếp cận nhất. Chúng có nhiều protein, vitamin và khoáng chất. Nhiều người biết tác dụng giúp no lâu và hàm lượng cao protein trong trứng nên thường xuyên đưa chúng vào chế độ ăn lành mạnh. Dù muốn tăng khối lượng cơ ở bụng, ngực, bắp tay hay bất kỳ nhóm cơ nào trên cơ thể thì trứng đều là lựa chọn hàng đầu.\r\n\r\nRau lá xanh\r\nCác loại rau lá xanh như bina, cải xoăn chứa ít calo nhưng giàu chất xơ, vitamin và các dưỡng chất khác. Trong rau lá xanh còn có chất phytochemical được chứng minh là giúp kiểm soát cảm giác thèm ăn, hỗ trợ tiêu hóa và cung cấp các dưỡng chất thiết yếu để phục hồi cơ bắp.\r\n\r\nHạt diêm mạch\r\nDiêm mạch là thực phẩm chứa protein hoàn chỉnh, tức có đủ 9 loại a xít a min thiết yếu. Loại ngũ cốc nguyên hạt này cũng có nhiều chất xơ, khiến nó trở thành lựa chọn tuyệt với giúp phát triển cơ bắp và tạo cơ bụng săn chắc, theo Eat This, Not That!.	2023-11-15 09:14:46	Không có gì ngạc nhiên khi tập luyện thường xuyên đóng vai trò cực kỳ quan trọng để có cơ bụng 6 múi. Nhưng không chỉ có tập luyện, thói quen ăn uống cũng quan trọng không kém. Chọn đúng loại thực phẩm để ăn sẽ góp phần định hình các khối cơ ở bụng.	5 món giúp cơ bụng săn chắc hơn	5
d1e844d3-e381-4fa3-80e4-b1d16d736481	10	Tính từ đầu năm 2023, đây là lần thứ hai Hyundai Santa Fe leo lên đỉnh bảng xếp hạng doanh số xe hàng tháng, tháng 6 và tháng 10. Vị trí số một luôn thuộc về Ford Everest.\r\n\r\nTháng 10, Sante Fe giao 919 xe đến tay khách Việt, nhiều hơn 449 chiếc so với tháng trước. Tương ứng với mức tăng trưởng 95,5%, cao nhất phân khúc. Lũy kế cả năm 2023 bán tổng 4.464 xe, xếp thứ hai phân khúc. Nhờ điều chỉnh giá bán từ đầu tháng 10 mà doanh số Santa Fe cải thiện. Mẫu xe gầm cao cỡ D của Hyundai giảm 86-176 triệu đồng. Ngoài ra, Santa Fe còn được hưởng chính sách giảm 50% phí trước bạ với ôtô lắp ráp trong nước từ 1/7 đến hết năm 2023.\r\n\r\nQuen thuộc ở vị trí dẫn đầu, Ford Everest rơi xuống vị trí thứ hai với doanh số tháng 10 bán 754 xe, nhiều hơn 11 chiếc so với tháng 9. Tính cả năm 2023, lượng xe Everest giao khách Việt của Ford đạt 7.427 chiếc, nhiều nhất phân khúc. Mẫu xe của Ford giảm giá từ tháng 11, với mức giảm đồng loạt bằng tiền mặt 40 triệu đồng cho tất cả các bản. Riêng bản Ambiente ưu đãi 100% lệ phí trước bạ, tương đương mức giảm chi phí lăn bánh 110-131 triệu đồng, tùy vào địa phương đăng ký.\r\n\r\nHai mẫu xe ở các vị trí tiếp theo, gồm Toyota Fortuner và Mazda CX-8 có doanh số gần bằng nhau, tương ứng 269 và 268 chiếc. So với tháng trước, lượng xe giao khách hàng của Toyota giảm 35 chiếc, trong khi CX-8 thì ngược lại nhiều hơn 18 chiếc. Lũy kế của Fortuner là 2.990 xe và CX-8 2.398 chiếc, tương ứng xếp thứ 3 và 4.\r\n\r\nKia Sorento giữ thứ 5 với 105 xe giao khách Việt trong tháng 10, nhiều hơn 2 chiếc so với tháng 9. Lũy kế 2023 của Sorento đạt 1.202 xe, đứng thứ 5 phân khúc.{img}Xếp cuối bảng xếp hạng doanh số tháng 10 lần lượt thuộc về Isuzu mu-X với 26 xe và Mitsubishi Pajero Sport chỉ 24 xe. Cả hai đều có mức giảm so với tháng 9, mẫu xe của Isuzu giảm 3 xe, trong khi mẫu của Mitsubishi giảm 70 chiếc. Tính cả năm 2023, Pajero Sport giao khách hàng 780 xe, mu-X giao 90 xe.\r\n\r\nVới chính sách hưởng 50% phí trước bạ và một số hãng tung chương trình giảm giá, hy vọng hai tháng cuối năm, thị trường xe gầm cao phân khúc D sẽ khởi sắc.	2023-11-15 09:19:11	Sau ba tháng, mẫu xe thương hiệu Hàn Quốc Santa Fe giao nhiều xe nhất phân khúc tháng 10, vượt Ford Everest.	Hyundai Santa Fe trở lại đỉnh bảng phân khúc D	2
6a29cab5-773e-49b5-ac48-1c0571585a53	11	Từ sáng, sắc xanh đã phủ khắp bảng điện nhóm ngân hàng. Các cổ phiếu vốn hóa lớn như gồm TCB, VPB, VIB, TPB và STB đồng loạt tăng 2-3%. Riêng SHB tăng gần 5%. Các mã nhỏ hơn cũng diễn biến tích cực như MSB, OCB và LPB cùng có thị giá cao hơn tham chiếu 3-4%.{img}Bảng điện ngân hàng gần như đứng vững trong cơn rung lắc ở phiên chiều. Cuối ngày, nhiều mã cùng tăng trên 2% như STB, SHB, VPB, MSB, VIB... Theo VNDirect, ngành ngân hàng góp đến 8 đại diện trong nhóm 10 cổ phiếu dẫn dắt đà tăng cho VN-Index, lần lượt gồm BID, VCB, VPB, TCB, EIB, CTG, MBB và SHB.\r\n\r\nRiêng EIB chạm trần chỉ sau một tiếng rưỡi giao dịch. Thị giá cổ phiếu Eximbank được kéo lên 19.000 đồng một đơn vị với thanh khoản cả ngày gần 450 tỷ đồng, cao thứ 10 sàn HoSE. Sắc tím được duy trì khá liên tục, mã này đóng cửa với lượng dư mua gần 1,2 triệu đơn vị.\r\n\r\nNgoài ngân hàng, cổ phiếu nhóm bán lẻ và chứng khoán cũng có diễn biến tích cực. MWG có thanh khoản cao thứ hai trên thị trường và đóng cửa tăng 3,8%. Mã này được hưởng lợi sau thông tin kết quả kinh doanh tháng 10 khả quan trên toàn hệ thống bán lẻ thuộc Thế Giới Di Động. Ở nhóm chứng khoán, thị trường ghi nhận cơn sóng ở mã EVF. Cổ phiếu này tăng hết biên độ, lên mức cao nhất kể từ giữa tháng 3/2022.\r\n\r\nNhờ đóng góp của nhóm ngân hàng, bán lẻ và chứng khoán, VN-Index giữ sắc xanh cả ngày. Chỉ số này đóng cửa ở 1.109,7 điểm, tích lũy thêm gần 10 điểm. Sàn HoSE có 365 cổ phiếu tăng, cao gấp đôi so với 171 cổ phiếu giảm.\r\n\r\nđóng góp lớn giúp VN-Index tích lũy gần 10 điểm hôm nay.\r\n\r\nTừ sáng, sắc xanh đã phủ khắp bảng điện nhóm ngân hàng. Các cổ phiếu vốn hóa lớn như gồm TCB, VPB, VIB, TPB và STB đồng loạt tăng 2-3%. Riêng SHB tăng gần 5%. Các mã nhỏ hơn cũng diễn biến tích cực như MSB, OCB và LPB cùng có thị giá cao hơn tham chiếu 3-4%.\r\n\r\nNhà đầu tư đang theo dõi cổ phiếu EIB khi mã này tăng kịch trần hôm nay. Ảnh: Tất Đạt\r\nNhà đầu tư đang theo dõi cổ phiếu EIB khi mã này tăng kịch trần hôm nay. Ảnh: Tất Đạt\r\n\r\nBảng điện ngân hàng gần như đứng vững trong cơn rung lắc ở phiên chiều. Cuối ngày, nhiều mã cùng tăng trên 2% như STB, SHB, VPB, MSB, VIB... Theo VNDirect, ngành ngân hàng góp đến 8 đại diện trong nhóm 10 cổ phiếu dẫn dắt đà tăng cho VN-Index, lần lượt gồm BID, VCB, VPB, TCB, EIB, CTG, MBB và SHB.\r\n\r\nRiêng EIB chạm trần chỉ sau một tiếng rưỡi giao dịch. Thị giá cổ phiếu Eximbank được kéo lên 19.000 đồng một đơn vị với thanh khoản cả ngày gần 450 tỷ đồng, cao thứ 10 sàn HoSE. Sắc tím được duy trì khá liên tục, mã này đóng cửa với lượng dư mua gần 1,2 triệu đơn vị.\r\n\r\nTop cổ phiếu ảnh hưởng đến thị trường 14/11/2023\r\nBID2.14%\r\nVCB0.58%\r\nVPB2.08%\r\nMWG3.75%\r\nTCB1.94%\r\nEIB6.74%\r\nCTG1.36%\r\nMBB1.93%\r\nFPT1.31%\r\nSHB3.62%\r\nBMP-1.44%\r\nSJS-1.65%\r\nPOW-0.4…\r\nDXG-0.9…\r\nHDB-0.27%\r\nDIG-1.00%\r\nPGV-1.77%\r\nLGC-4.72%\r\nHPG-0.74%\r\nVHM-0.85%\r\nNgân hàng Thương mại Cổ phần Đầu tư và Phát triển Việt Nam\r\nKhối lượng:\t157,160\r\nGiá trị:\t67,347,240,000 tỷ\r\nĐóng góp VNINDEX:\t1.1411897\r\nNgoài ngân hàng, cổ phiếu nhóm bán lẻ và chứng khoán cũng có diễn biến tích cực. MWG có thanh khoản cao thứ hai trên thị trường và đóng cửa tăng 3,8%. Mã này được hưởng lợi sau thông tin kết quả kinh doanh tháng 10 khả quan trên toàn hệ thống bán lẻ thuộc Thế Giới Di Động. Ở nhóm chứng khoán, thị trường ghi nhận cơn sóng ở mã EVF. Cổ phiếu này tăng hết biên độ, lên mức cao nhất kể từ giữa tháng 3/2022.\r\n\r\nNhờ đóng góp của nhóm ngân hàng, bán lẻ và chứng khoán, VN-Index giữ sắc xanh cả ngày. Chỉ số này đóng cửa ở 1.109,7 điểm, tích lũy thêm gần 10 điểm. Sàn HoSE có 365 cổ phiếu tăng, cao gấp đôi so với 171 cổ phiếu giảm.\r\n\r\nThanh khoản thị trường TP HCM đạt hơn 17.000 tỷ đồng, tăng hơn 1.100 tỷ đồng so với phiên trước. Nhà đầu tư nước ngoài bán ròng hơn 335 tỷ đồng, phiên thứ 6 liên tiếp nhóm này bán ròng.	2023-11-15 09:39:30	EIB kịch trần, hàng loạt mã như STB, SHB, VPB, MSB, VIB… cùng tăng trên 2%, đóng góp lớn giúp VN-Index tích lũy gần 10 điểm hôm nay.	Cổ phiếu ngân hàng dẫn dắt thị trường	4
\.


--
-- Data for Name: config_account; Type: TABLE DATA; Schema: public; Owner: postgres
--

COPY public.config_account (id, font_size) FROM stdin;
1	16
2	16
3	16
4	16
5	16
6	16
7	16
\.


--
-- Data for Name: image_article; Type: TABLE DATA; Schema: public; Owner: postgres
--

COPY public.image_article (id, imageurl, title, article_id) FROM stdin;
b0f1a73e-26ce-4a84-be34-d796977a89db	https://nld.mediacdn.vn/thumb_w/684/291774122806476800/2023/11/14/anh-chup-man-hinh-2023-11-14-luc-220118-16999741134301468564463.png	Bà Đặng Thị Hàn Ni	5cf79fce-96e7-498a-a7c8-9074856eeb2b
ee070be6-b6b7-446c-9d4b-b18277fb3eb0	https://nld.mediacdn.vn/thumb_w/684/291774122806476800/2023/11/14/sau-rieng-bau-duc-16999668388141943343927.jpg	Bầu Đức (áo vàng) tại buổi gặp gỡ cổ đông tại TP HCM hồi tháng 8 vừa qua	1230d5d1-da13-43f9-84a2-fc157f2d75b3
8b75f3d7-8fe1-4856-8399-c4b79541aa4b	https://nld.mediacdn.vn/thumb_w/684/291774122806476800/2023/11/14/photo-1-16999768075311999361230.jpg	Giải thưởng ASO CIO là giải thưởng uy tín được trao cho các chính phủ (chính quyền) và tổ chức chính phủ đã có những đóng góp xuất sắc trong việc triển khai chuyển đổi số và xây dựng chính phủ số.	a98c2548-65bf-4423-bcc7-f12e08f505d5
6558e850-d07c-44f4-810e-b04f59389642	https://nld.mediacdn.vn/thumb_w/684/291774122806476800/2023/11/14/photo-1-1699976809476564228840.jpg	Bà Võ Thị Trung Trinh (áo cam), Phó Giám đốc Sở Thông tin và Truyền thông TP HCM, đại diện TP HCM nhận giải thưởng.	a98c2548-65bf-4423-bcc7-f12e08f505d5
49e71103-92a7-44be-be3b-43214cecdcfc	https://nld.mediacdn.vn/thumb_w/684/291774122806476800/2023/11/14/photo-2-1699976809514368125785.jpg	Đại diện TP HCM cùng các quốc gia và vùng lãnh thổ chụp ảnh lưu niệm	a98c2548-65bf-4423-bcc7-f12e08f505d5
dbfb1f05-c193-479b-adaf-1a5e9ca527e9	https://nld.mediacdn.vn/thumb_w/684/291774122806476800/2023/11/14/vff-21-1-1699935898769580825361.jpg	Tuyển Việt Nam tập luyện trên sân Rizal Memorial	f42a2b64-3d53-4d19-8cea-a2fa1f84bf08
8b14fa69-91d9-46f0-932b-29dbc44ad5bf	https://nld.mediacdn.vn/thumb_w/684/291774122806476800/2023/11/14/vff-2-3-16999641639021802810065.jpg	Tuyển thủ Vũ Văn Thanh	f42a2b64-3d53-4d19-8cea-a2fa1f84bf08
a5d5669c-a814-4cc7-a701-3ea85b1a1e6f	https://nld.mediacdn.vn/thumb_w/684/291774122806476800/2023/11/14/4006911936571924699480037642413016606930951n-16999642701711455371337.jpg	Các tuyển thủ Việt Nam tràn đầy tự tin trước trận so tài với chủ nhà Philippines	f42a2b64-3d53-4d19-8cea-a2fa1f84bf08
fdad2c2b-18f0-48c0-a553-0f683723a08d	https://nld.mediacdn.vn/thumb_w/684/291774122806476800/2023/11/14/photo-1-16999605141651320933749.jpg	Bộ trưởng Đào Hồng Lan trao quyết định bổ nhiệm bà Trần Thị Trang. Ảnh: Trần Minh	1a621d7b-123e-4979-baba-e62f26d01e6d
7e7c8fc0-8fc2-4333-8c0d-e48fe0b66548	https://nld.mediacdn.vn/thumb_w/684/291774122806476800/2023/11/14/ndt41436-1699972348697595913383.jpeg	Bộ GD-ĐT đề xuất phương án 2 môn bắt buộc + 2 môn tự chọn trong kỳ thi tốt nghiệp THPT từ năm 2025. Ảnh: Hữu Hưng	6778994b-9115-4c94-912d-2c4f892b3345
01033fa1-02e9-4bc9-acea-aaa43e3c95d3	https://nld.mediacdn.vn/thumb_w/540/291774122806476800/2023/8/4/photo-2-16911276139711444675156.jpg	Ảnh minh họa.	5dfa1f06-5fff-4a92-84b4-19d68003340a
98600449-b308-4cd4-b9ee-9e7a3414fa5e	https://nld.mediacdn.vn/thumb_w/540/291774122806476800/2023/8/4/photo-1-16911276109341322537061.jpg	Ảnh minh họa.	5dfa1f06-5fff-4a92-84b4-19d68003340a
53d09248-3248-48f2-ab33-3b304d48b1bd	https://nld.mediacdn.vn/thumb_w/540/291774122806476800/2023/10/26/775a0991-1-1-1698327454037874097595.jpg	Bào ngư Hàn Quốc 	e04dd0fb-7452-418c-93a3-4556f7cedb1c
b9356219-c21f-4928-af64-98ba3932326b	https://nld.mediacdn.vn/thumb_w/540/291774122806476800/2023/10/26/ad-1698327610825439654211.jpg	Các sản phẩm chế biến từ bào ngư Hàn Quốc	e04dd0fb-7452-418c-93a3-4556f7cedb1c
05382a35-98b9-4286-bd06-3ca284ec4fee	https://nld.mediacdn.vn/thumb_w/540/291774122806476800/2023/11/13/photo-1-1699857211970351770477.jpg	Untra Group	829c49b6-46e7-4f1f-860b-4dcc9a8779a3
f77b2d15-0ef9-470e-bff5-f5c959638b8e	https://nld.mediacdn.vn/thumb_w/540/291774122806476800/2023/11/13/photo-1-16998572137041724745553.jpg	Untra Group – Du lịch độc đáo được vinh danh top 10 doanh nghiệp lữ hành uy tín (AIPA)	829c49b6-46e7-4f1f-860b-4dcc9a8779a3
4f92b110-8244-4e8e-a04f-cac04c6777ce	https://nld.mediacdn.vn/thumb_w/540/291774122806476800/2023/11/13/photo-2-1699857213760417095705.jpg	Tuyến điểm Untra Farm Hồ Tràm do Untra Group vận hành Du Lịch Trồng Cây	829c49b6-46e7-4f1f-860b-4dcc9a8779a3
1928fb54-e247-4505-ab82-6af305f0559b	https://nld.mediacdn.vn/thumb_w/540/291774122806476800/2023/8/5/photo-3-1691215041435507963768.jpg	Bà Nguyễn Thị Thư ở Đống Đa đang nặn bánh khúc.	e5bd038b-5d07-477d-b619-7a068cecdba7
c6d4cd07-cc20-4bc1-87b0-5564bafca4e8	https://nld.mediacdn.vn/thumb_w/540/291774122806476800/2023/8/5/photo-2-1691215040084941690702.jpg	Cửa hàng bánh khúc của bà Nguyễn Thị Lan.	e5bd038b-5d07-477d-b619-7a068cecdba7
4a5bfb95-68df-4c57-9ee8-931fbb5affc7	https://nld.mediacdn.vn/thumb_w/540/291774122806476800/2023/8/5/photo-1-16912150378491695289048.jpg	Khách hàng thưởng thức bánh khúc.	e5bd038b-5d07-477d-b619-7a068cecdba7
2b1dd86c-c3d1-49ec-9cb3-d79c7b23e884	https://nld.mediacdn.vn/thumb_w/684/291774122806476800/2023/11/15/photo-1-17000071990131820087089.jpg	Đại diện cấp cao về chính sách an ninh và đối ngoại của EU Josep Borrell cho biết các nước thành viên EU đã cung cấp cho Ukraine tất cả số đạn dược trong kho dự trữ hiện có. Ảnh: Reuters	67c61502-5ddf-476b-af50-585379fd5f0d
e0f041e8-3141-4eca-b8a0-3ec564122df7	https://nld.mediacdn.vn/thumb_w/684/291774122806476800/2023/11/12/49fb3a36a1f577ab2ee4-1699802666799708462523.jpg	Ô tô chỉ dừng lại sau khi lao vào nhà dân	791b77b7-992d-42bd-8245-c27ef4c3d34e
39c70e5f-abf1-40a5-8df5-0a7d2cef73fa	https://images2.thanhnien.vn/thumb_w/640/528068263637045248/2023/11/13/xe-dien-trung-quoc-quyet-danh-vao-thi-truong-viet-nam-1-xe-thanhnien-1699855014736795597090.jpg	Nhiều thương hiệu ô tô điện Trung Quốc đang cho "nhắm đến" thị trường Việt Nam	bd6ed54d-5b1f-438f-b444-ba0b654f81a8
f362dfeb-2a6a-4ca7-8dc1-04cfe0c28940	https://images2.thanhnien.vn/thumb_w/640/528068263637045248/2023/11/13/xe-dien-trung-quoc-quyet-danh-vao-thi-truong-viet-nam-2-xe-thanhnien-1699854861845101948860.jpg	SGMW và đối tác TMT Motors vừa khai trương đại lý Wuling mới tại quận 12 (TP.HCM), nâng tổng số đại lý chính hãng lên 21 đại lý	bd6ed54d-5b1f-438f-b444-ba0b654f81a8
880a8a8c-74e0-4634-891d-3109ceb00fa9	https://images2.thanhnien.vn/thumb_w/640/528068263637045248/2023/11/13/xe-dien-trung-quoc-quyet-danh-vao-thi-truong-viet-nam-4-xe-thanhnien-1699862712791372824648.jpg	Bất chấp những rào cản về hạ tầng, các hãng xe điện Trung Quốc vẫn cho thấy quyết tâm "đánh mạnh" vào thị trường Việt Nam	bd6ed54d-5b1f-438f-b444-ba0b654f81a8
c0b7ab4d-7f4e-4e0a-be95-755d12531f62	https://images2.thanhnien.vn/thumb_w/640/528068263637045248/2023/11/15/2023-11-13t110021z2035608263rc2uz3a22c36rtrmadp3usa-shutdown-17000097889461579291323.jpg	Hạ viện Mỹ đã thông qua dự luật ngăn chính phủ đóng cửa và chỉ còn chờ Thượng viện và Nhà Trắng đồng ý	53dee037-322b-4816-a53b-1c184597998d
0a3ad379-5fe3-46a8-99c9-58f3536638bc	https://images2.thanhnien.vn/thumb_w/640/528068263637045248/2023/11/10/mong-tay-16995955178801795744053.jpg	Nghiện cắn móng tay có thể gây tổn thương mô ở ngón tay	d7249793-ba80-42c3-bb05-1df2c1a64c5a
b4d25516-8923-40a9-aa72-0c0b09d392d9	https://images2.thanhnien.vn/thumb_w/640/528068263637045248/2023/11/14/tm2-1699946656005553444727.jpg	Hình ảnh nữ sinh bị đánh hội đồng gây xôn xao dư luận những ngày qua	b0c28c32-05d7-4e7d-9673-0aef971448be
4c4af19f-dcbf-43cc-8159-5ad2257ad602	https://images2.thanhnien.vn/thumb_w/640/528068263637045248/2023/11/12/3-1699809833211228777260.jpg	Màn hình đục lỗ sẽ đến với iPhone 16 Pro vào năm sau?	1cf087dc-4b6c-4b25-9a92-802290de0ff8
402f2650-20c0-4178-ad0b-40d6ad96aa68	https://images2.thanhnien.vn/thumb_w/640/528068263637045248/2023/11/14/z4880627224960b317d6ff82d3de2c8aecbdd9d7b0c8de-169997703614362831735.jpg	Gian hàng trưng bày sản phẩm văn hóa, nghệ thuật đặc trưng của Việt Nam	798751a2-b726-479f-89d7-9de05a4a9926
fbf563a3-08d0-4e29-8b1c-8bebd1a299e7	https://images2.thanhnien.vn/thumb_w/640/528068263637045248/2023/11/14/z488062742504195d240530befa6760fffd2f97afc02bf-16999770362081418624505.jpg	NSƯT Hải Phượng (trái) và nghệ sĩ Thu Thủy biểu diễn nhạc cụ dân tộc tại gian hàng triển lãm	798751a2-b726-479f-89d7-9de05a4a9926
78a4d884-953f-4916-bb85-a8230c8f8372	https://images2.thanhnien.vn/thumb_w/640/528068263637045248/2023/11/14/z488062793095643b4656a024ecd089b851efa0a090da9-16999770364151947665946.jpg	Tiết mục xiếc trong chương trình	798751a2-b726-479f-89d7-9de05a4a9926
c934cb6c-e697-469e-b922-2e1ae51dc9d7	https://images2.thanhnien.vn/thumb_w/640/528068263637045248/2023/11/12/screenshot-2023-11-10-at-204235-16997566927651618365571.png	Hàng nghìn người Trung Quốc tham dự sự kiện tại TP.Hạ Long	e16662fd-2e3e-4ff9-96c6-cd16d1a2ecec
4715b63c-4393-4942-81f3-e55fcb6551d9	https://images2.thanhnien.vn/thumb_w/640/528068263637045248/2023/11/12/z4868279654479075bf5f64ad3886037e53903758dabbc-1699756879572804531603.jpg	Những "ngôn từ lạ" xuất hiện tại màn hình chính là do lỗi dịch thuật	e16662fd-2e3e-4ff9-96c6-cd16d1a2ecec
03c4ed9b-963d-4892-b08a-fd28233a0dd6	https://images2.thanhnien.vn/528068263637045248/2023/11/13/z4874858369798a8204ce488b030f0c67ff3128c335cf8-1699834139041782282313.jpg	Nhiều "ngôn từ lạ" xuất hiện tại sự kiện có sự tham gia của hàng nghìn người Trung Quốc	e16662fd-2e3e-4ff9-96c6-cd16d1a2ecec
ba7d7ae5-8329-4f0e-8508-c926cc31026a	https://images2.thanhnien.vn/thumb_w/640/528068263637045248/2023/11/13/anh-chup-man-hinh-2023-11-13-luc-60102-ch-1699873295932579108835.png	Đội tuyển Việt Nam hòa 0-0 trước Thái Lan ở trận ra quân vòng loại World Cup gần nhất	f415c6ec-03b6-4612-8587-4285f5672697
5be45f35-5d30-486c-9db7-bb69d4784c87	https://images2.thanhnien.vn/thumb_w/640/528068263637045248/2023/11/13/tap-1-1699873501734278381093.jpg	Các cầu thủ rèn quân dưới mưa trước ngày lên đường	f415c6ec-03b6-4612-8587-4285f5672697
8099f495-1ad5-4d1b-82a5-e06a334afa57	https://images2.thanhnien.vn/528068263637045248/2023/11/12/b8478f9e1fa5c9fb90b4-16997649666811348625731.jpg	Anh Tô Yô Ta từng làm việc tại hãng xe Toyota	36f9e024-7e95-449f-b3d3-023fb2330b92
395b67d0-a725-45b0-82fc-5d07a363c4cc	https://images2.thanhnien.vn/528068263637045248/2023/11/12/4183d22c42179449cd06-16997649664872146662472.jpg	Hiện anh đã chuyển sang kinh doanh ô tô đã qua sử dụng	36f9e024-7e95-449f-b3d3-023fb2330b92
2c6ecf99-b692-4d28-b257-d4cc6c69584d	https://images2.thanhnien.vn/528068263637045248/2023/11/12/50326ee2fed9288771c8-1699764966550324510254.jpg	Cái biển tên gây "sốt" trên mạng xã hội	36f9e024-7e95-449f-b3d3-023fb2330b92
5a598205-99dc-4636-8bf0-432881f9929a	https://images2.thanhnien.vn/thumb_w/640/528068263637045248/2023/11/13/z48729746407583788f3532a6fffd97726fd90718d4f43-16998870637911116670770.jpg	Thị trường thịt heo và heo hơi vẫn chưa thể hồi phục vì dịch bệnh	8b19dece-6adb-4919-8474-655d8e420b5d
c9a15163-105b-46e6-83f4-46eaa2820211	https://images2.thanhnien.vn/thumb_w/640/528068263637045248/2023/10/18/heo-1697591773520476203712.jpg	Thị trường tiêu thụ thịt heo vẫn đang trầm lắng thời điểm gần cuối năm	75d26ba6-cdae-4f85-8eb8-8aef027430b9
1af39465-74f3-4d38-9c7c-07165d8f3d89	https://images2.thanhnien.vn/thumb_w/640/528068263637045248/2023/11/14/h1-16999905439572140963764.jpeg	TikToker này đã lên tiếng xin lỗi nhưng vẫn bị chỉ trích kịch liệt	0e05d35b-66e7-41f4-b45d-177ad04c78e3
5ade278c-96fe-4f90-8464-7ba1e35ad60f	https://images2.thanhnien.vn/thumb_w/640/528068263637045248/2023/11/14/20b1-ol-1699973121157534546431.jpg	Quang Hải tích cực tập luyện để sớm hồi phục	fc0f69f8-6ffd-4fb9-aae9-5d00fe8089cf
70981480-a193-4ae4-9c55-ec70d71ff2f3	https://images2.thanhnien.vn/thumb_w/640/528068263637045248/2023/11/10/4007090039875226227339338752696796016654174n-16996015100192139919154.jpg	Hình ảnh chuột túi được người dân chụp lại	c821cb7f-828a-4938-a31b-55aeebb2dfa6
197bbfde-a285-4f80-9264-c3ce68787d1e	https://images2.thanhnien.vn/thumb_w/640/528068263637045248/2023/11/14/19-1699937266725892109709.png	Tam có thỏa hiệp với Kiệt vì đường cùng...	9fdb576a-9c4b-4183-b27e-0501e2e24616
7faafc8a-caa5-4623-a863-351a6ee268f5	https://images2.thanhnien.vn/thumb_w/640/528068263637045248/2023/11/14/256-1699937254568784342576.png	Hòa cười như mếu vì bố thúc giục chuyện sinh con	9fdb576a-9c4b-4183-b27e-0501e2e24616
f1459b63-801e-40e4-b01c-0354e02265ed	https://images2.thanhnien.vn/thumb_w/640/528068263637045248/2023/11/14/54-1699937260216735684176.png	Mẹ chồng của Nguyệt luôn không hài lòng về con dâu	9fdb576a-9c4b-4183-b27e-0501e2e24616
c8bec497-9d55-415a-b6ee-2b926bc52260	https://images2.thanhnien.vn/thumb_w/640/528068263637045248/2023/11/13/fatty-fish-1699844001660630475578.jpg	Cá hồi là món ăn cực tốt nhờ hàm lượng cao protein và axit béo omega-3	1b3be062-ac54-4d83-a866-e8e3c93300b8
280e4c58-e47b-43ae-bcb2-64e7514acec3	https://images2.thanhnien.vn/thumb_w/640/528068263637045248/2023/11/8/5-trung-shutterstock-1699428905606607433926.jpg	Trứng là lựa chọn hàng đầu khi muốn phát triển khối cơ, dù là cơ bụng hay bất kỳ nhóm cơ nào trên cơ thể	1b3be062-ac54-4d83-a866-e8e3c93300b8
879a6a7e-be1a-45b8-bda3-bb59cf679226	https://images2.thanhnien.vn/thumb_w/640/528068263637045248/2023/9/21/anh-3--me-don-than-ngoi-xe-lan--1695319255507193743928.png	Con trai chị Hải là một cậu bé kháu khỉnh, rất yêu thương mẹ	722959b2-74ae-4637-911c-758a5eddb654
d3c2be9d-20d5-41df-a271-2cbbdf62e2c2	https://images2.thanhnien.vn/thumb_w/640/528068263637045248/2023/9/21/edit-anh-1--me-don-than-ngoi-xe-lan--1695319274057895608957.png	Sau tai nạn năm 2006, chị Hải phải gắn liền với chiếc xe lăn	722959b2-74ae-4637-911c-758a5eddb654
5c0a5cf7-e514-4f82-8632-ae59d3b98ab6	https://i1-vnexpress.vnecdn.net/2023/11/14/hyundai-santa-fe-2021-16-jpg-1-4379-4511-1699946808.jpg?w=1020&h=0&q=100&dpr=1&fit=crop&s=Hy4Y9T5KLSbOe_3EZhjhxA	Santa Fe bán nhiều nhất phân khúc tháng 10. Ảnh: Hyundai Thành Công	d1e844d3-e381-4fa3-80e4-b1d16d736481
80c2f503-e2b3-4d8a-a88a-837d628e643c	https://i1-kinhdoanh.vnecdn.net/2023/11/14/IMG-6848-JPG-7178-1699951548.jpg?w=1020&h=0&q=100&dpr=1&fit=crop&s=AD0HmCAECyuGH40RPVp-OQ	Nhà đầu tư đang theo dõi cổ phiếu EIB khi mã này tăng kịch trần hôm nay. Ảnh: Tất Đạt	6a29cab5-773e-49b5-ac48-1c0571585a53
\.


--
-- Data for Name: publisher; Type: TABLE DATA; Schema: public; Owner: postgres
--

COPY public.publisher (id, imageurlbrand, name) FROM stdin;
1	https://i.imgur.com/OWaigIJ.png	DanTri
2	https://i.imgur.com/i7OdCsY.png	NguoiLaoDong
3	https://i.imgur.com/APzsQu5.png	NhanDan
4	https://i.imgur.com/IB15Uy0.png	ThanhNien
5	https://i.imgur.com/GNQguqW.png	VnExpress
\.


--
-- Data for Name: users; Type: TABLE DATA; Schema: public; Owner: postgres
--

COPY public.users (id, full_name, sex) FROM stdin;
1	Nguyễn Văn Sơn	1
2	Nguyễn Thị Mẹt	2
\.


--
-- Name: config_account_id_seq; Type: SEQUENCE SET; Schema: public; Owner: postgres
--

SELECT pg_catalog.setval('public.config_account_id_seq', 7, true);


--
-- Name: publisher_id_seq; Type: SEQUENCE SET; Schema: public; Owner: postgres
--

SELECT pg_catalog.setval('public.publisher_id_seq', 5, true);


--
-- Name: users_id_seq; Type: SEQUENCE SET; Schema: public; Owner: postgres
--

SELECT pg_catalog.setval('public.users_id_seq', 2, true);


--
-- Name: account account_pkey; Type: CONSTRAINT; Schema: public; Owner: postgres
--

ALTER TABLE ONLY public.account
    ADD CONSTRAINT account_pkey PRIMARY KEY (gmail);


--
-- Name: article article_pkey; Type: CONSTRAINT; Schema: public; Owner: postgres
--

ALTER TABLE ONLY public.article
    ADD CONSTRAINT article_pkey PRIMARY KEY (id);


--
-- Name: config_account config_account_pkey; Type: CONSTRAINT; Schema: public; Owner: postgres
--

ALTER TABLE ONLY public.config_account
    ADD CONSTRAINT config_account_pkey PRIMARY KEY (id);


--
-- Name: image_article image_article_pkey; Type: CONSTRAINT; Schema: public; Owner: postgres
--

ALTER TABLE ONLY public.image_article
    ADD CONSTRAINT image_article_pkey PRIMARY KEY (id);


--
-- Name: publisher publisher_pkey; Type: CONSTRAINT; Schema: public; Owner: postgres
--

ALTER TABLE ONLY public.publisher
    ADD CONSTRAINT publisher_pkey PRIMARY KEY (id);


--
-- Name: account uk_mox0c40satu1jvxdobs68br57; Type: CONSTRAINT; Schema: public; Owner: postgres
--

ALTER TABLE ONLY public.account
    ADD CONSTRAINT uk_mox0c40satu1jvxdobs68br57 UNIQUE (config_account_id);


--
-- Name: account uk_r9av63y6yjo9l0skmry9cpswe; Type: CONSTRAINT; Schema: public; Owner: postgres
--

ALTER TABLE ONLY public.account
    ADD CONSTRAINT uk_r9av63y6yjo9l0skmry9cpswe UNIQUE (users_id);


--
-- Name: account uk_rq209fqw803i5ye5yx8lyn659; Type: CONSTRAINT; Schema: public; Owner: postgres
--

ALTER TABLE ONLY public.account
    ADD CONSTRAINT uk_rq209fqw803i5ye5yx8lyn659 UNIQUE (publisher_id);


--
-- Name: users users_pkey; Type: CONSTRAINT; Schema: public; Owner: postgres
--

ALTER TABLE ONLY public.users
    ADD CONSTRAINT users_pkey PRIMARY KEY (id);


--
-- Name: article fkad5iivhsmwwugsh8yj77jlk0i; Type: FK CONSTRAINT; Schema: public; Owner: postgres
--

ALTER TABLE ONLY public.article
    ADD CONSTRAINT fkad5iivhsmwwugsh8yj77jlk0i FOREIGN KEY (publisher_id) REFERENCES public.publisher(id);


--
-- Name: account fkchwhyd6xsn01ugu44k5csn4ht; Type: FK CONSTRAINT; Schema: public; Owner: postgres
--

ALTER TABLE ONLY public.account
    ADD CONSTRAINT fkchwhyd6xsn01ugu44k5csn4ht FOREIGN KEY (publisher_id) REFERENCES public.publisher(id);


--
-- Name: account fkjhlf5avsj15dfty4q7loqt7i4; Type: FK CONSTRAINT; Schema: public; Owner: postgres
--

ALTER TABLE ONLY public.account
    ADD CONSTRAINT fkjhlf5avsj15dfty4q7loqt7i4 FOREIGN KEY (users_id) REFERENCES public.users(id);


--
-- Name: account fkknxxd4s3bxmrc0ce7qqh1jn0a; Type: FK CONSTRAINT; Schema: public; Owner: postgres
--

ALTER TABLE ONLY public.account
    ADD CONSTRAINT fkknxxd4s3bxmrc0ce7qqh1jn0a FOREIGN KEY (config_account_id) REFERENCES public.config_account(id);


--
-- Name: image_article fkptiifiu4r64wutl607h9hu454; Type: FK CONSTRAINT; Schema: public; Owner: postgres
--

ALTER TABLE ONLY public.image_article
    ADD CONSTRAINT fkptiifiu4r64wutl607h9hu454 FOREIGN KEY (article_id) REFERENCES public.article(id);


--
-- PostgreSQL database dump complete
--

